tripduration,starttime,stoptime,start_station_id,start station name,start station latitude,start station longitude,end_station_id,end station name,end station latitude,end station longitude,bike_id,usertype,birth year,gender,crash_match_type,matched_crash_id,dist_to_crash_start_m,dist_to_crash_end_m,CRASH_LATITUDE,CRASH_LONGITUDE,CRASH_DATETIME
1354,2013-06-03 17:08:18,2013-06-03 17:30:52,311,Norfolk St & Broome St,40.7172274,-73.98802084,532.0,S 5 Pl & S 5 St,40.710451,-73.960876,14589,Customer,,0,end,196110,2472.389649995112,87.00989151254925,40.7107873,-73.9599439,2013-06-03 17:30:00
1525,2013-06-05 17:34:04,2013-06-05 17:59:29,352,W 56 St & 6 Ave,40.76340613,-73.97722479,116.0,W 17 St & 8 Ave,40.74177603,-74.00149746,19061,Customer,,0,start,41550,87.87685428458039,3074.7564722142015,40.7630248,-73.9781387,2013-06-05 18:00:00
627,2013-06-05 18:00:34,2013-06-05 18:11:01,352,W 56 St & 6 Ave,40.76340613,-73.97722479,529.0,W 42 St & 8 Ave,40.7575699,-73.99098507,19304,Subscriber,1961.0,1,start,41550,87.87685428458039,1240.3991686561667,40.7630248,-73.9781387,2013-06-05 18:00:00
1154,2013-06-06 12:19:17,2013-06-06 12:38:31,152,Warren St & Church St,40.71473993,-74.00910627,402.0,Broadway & E 22 St,40.7403432,-73.98955109,20262,Customer,,0,end,24089,3319.8542212628963,73.85657085237435,40.7408791,-73.990069,2013-06-06 12:20:00
866,2013-06-06 18:33:21,2013-06-06 18:47:47,375,Mercer St & Bleecker St S,40.72679454,-73.99695094,477.0,W 41 St & 8 Ave,40.75640548,-73.9900262,16554,Customer,,0,end,29232,3284.127323493671,77.75484380960445,40.7559505,-73.9907272,2013-06-06 18:48:00
662,2013-06-06 18:36:18,2013-06-06 18:47:20,477,W 41 St & 8 Ave,40.75640548,-73.9900262,448.0,W 37 St & 10 Ave,40.75660359,-73.9979009,16407,Customer,,0,start,29232,77.75484380960445,608.5858015407225,40.7559505,-73.9907272,2013-06-06 18:48:00
376,2013-06-06 18:47:29,2013-06-06 18:53:45,477,W 41 St & 8 Ave,40.75640548,-73.9900262,514.0,12 Ave & W 40 St,40.76087502,-74.00277668,17380,Subscriber,1981.0,1,start,29232,77.75484380960445,1153.1901172363343,40.7559505,-73.9907272,2013-06-06 18:48:00
515,2013-06-06 18:48:16,2013-06-06 18:56:51,477,W 41 St & 8 Ave,40.75640548,-73.9900262,3002.0,South End Ave & Liberty St,40.711512,-74.015756,20261,Subscriber,1968.0,1,start,29232,77.75484380960445,5372.544783467894,40.7559505,-73.9907272,2013-06-06 18:48:00
272,2013-06-06 18:48:25,2013-06-06 18:52:57,524,W 43 St & 6 Ave,40.75527307,-73.98316936,477.0,W 41 St & 8 Ave,40.75640548,-73.9900262,14972,Customer,,0,end,29232,641.0409152075151,77.75484380960445,40.7559505,-73.9907272,2013-06-06 18:48:00
574,2013-06-09 21:16:03,2013-06-09 21:25:37,217,Old Fulton St,40.70277159,-73.99383605,301.0,E 2 St & Avenue B,40.72217444,-73.98368779,19779,Subscriber,1960.0,1,end,13103,2244.221096219383,78.83070503375723,40.721473,-73.9838235,2013-06-09 21:25:00
441,2013-06-09 21:24:26,2013-06-09 21:31:47,545,E 23 St & 1 Ave,40.736502,-73.97809472,301.0,E 2 St & Avenue B,40.72217444,-73.98368779,14975,Subscriber,1984.0,1,end,13103,1739.4752059828147,78.83070503375723,40.721473,-73.9838235,2013-06-09 21:25:00
1022,2013-06-12 12:58:53,2013-06-12 13:15:55,444,Broadway & W 24 St,40.7423543,-73.98915076,393.0,E 5 St & Avenue C,40.72299208,-73.97995466,16286,Subscriber,1957.0,2,start,24121,96.41985608461916,2216.913343809717,40.7415488,-73.9895745,2013-06-12 13:15:00
674,2013-06-12 13:03:17,2013-06-12 13:14:31,477,W 41 St & 8 Ave,40.75640548,-73.9900262,444.0,Broadway & W 24 St,40.7423543,-73.98915076,15268,Subscriber,1980.0,1,end,24121,1652.4278813854748,96.41985608461916,40.7415488,-73.9895745,2013-06-12 13:15:00
721,2013-06-12 13:03:20,2013-06-12 13:15:21,477,W 41 St & 8 Ave,40.75640548,-73.9900262,444.0,Broadway & W 24 St,40.7423543,-73.98915076,17371,Subscriber,1985.0,1,end,24121,1652.4278813854748,96.41985608461916,40.7415488,-73.9895745,2013-06-12 13:15:00
687,2013-06-12 13:03:29,2013-06-12 13:14:56,477,W 41 St & 8 Ave,40.75640548,-73.9900262,444.0,Broadway & W 24 St,40.7423543,-73.98915076,18672,Subscriber,1980.0,1,end,24121,1652.4278813854748,96.41985608461916,40.7415488,-73.9895745,2013-06-12 13:15:00
840,2013-06-14 17:43:52,2013-06-14 17:57:52,116,W 17 St & 8 Ave,40.74177603,-74.00149746,394.0,E 9 St & Avenue C,40.72521311,-73.97768752,18110,Subscriber,1977.0,1,end,15409,2683.6953755066975,74.96965986201587,40.7258772,-73.9775339,2013-06-14 17:57:00
737,2013-06-15 21:50:36,2013-06-15 22:02:53,394,E 9 St & Avenue C,40.72521311,-73.97768752,307.0,Canal St & Rutgers St,40.71427487,-73.98990025,19411,Subscriber,1976.0,1,end,13110,1575.2919714450572,49.97833259077466,40.7141341,-73.9893371,2013-06-15 21:50:00
1152,2013-06-17 18:25:37,2013-06-17 18:44:49,516,E 47 St & 1 Ave,40.75206862,-73.96784384,323.0,Lawrence St & Willoughby St,40.69236178,-73.98631746,20094,Customer,,0,start,35243,28.875807455083702,6805.365330584724,40.7518951,-73.9675888,2013-06-17 18:25:00
1274,2013-06-18 11:53:30,2013-06-18 12:14:44,306,Cliff St & Fulton St,40.70823502,-74.00530063,276.0,Duane St & Greenwich St,40.71748752,-74.0104554,15456,Customer,,0,end,2978,1122.8418180836425,20.071543356577767,40.717469,-74.0106923,2013-06-18 12:15:00
404,2013-06-20 21:30:05,2013-06-20 21:36:49,116,W 17 St & 8 Ave,40.74177603,-74.00149746,470.0,W 20 St & 8 Ave,40.74345335,-74.00004031,16248,Subscriber,1980.0,1,start,19378,85.46176206840514,144.5374989691334,40.7422546,-74.0007037,2013-06-20 21:30:00
1408,2013-06-22 16:17:46,2013-06-22 16:41:14,2002,Wythe Ave & Metropolitan Ave,40.716887,-73.963198,349.0,Rivington St & Ridge St,40.71850211,-73.98329859,15741,Subscriber,1976.0,1,end,13133,1632.4380384565284,72.95542498081022,40.7182916,-73.9824787,2013-06-22 16:18:00
186,2013-06-24 14:35:59,2013-06-24 14:39:05,444,Broadway & W 24 St,40.7423543,-73.98915076,496.0,E 16 St & 5 Ave,40.73726186,-73.99238967,20349,Subscriber,1965.0,1,end,24225,557.1349203930074,74.2547398952272,40.7379177,-73.9922237,2013-06-24 14:40:00
357,2013-06-25 09:08:22,2013-06-25 09:14:19,233,Cadman Plaza W & Pierrepont St,40.69475701363877,-73.99052739143372,414.0,Pearl St & Anchorage Pl,40.70281858,-73.98765762,18486,Subscriber,1988.0,1,end,189891,911.5767450503828,92.60433517746158,40.7024219,-73.9866917,2013-06-25 09:15:00
299,2013-06-26 16:09:26,2013-06-26 16:14:25,527,E 33 St & 2 Ave,40.744023,-73.976056,527.0,E 33 St & 2 Ave,40.744023,-73.976056,17538,Customer,,0,both,35328,85.44294256944542,85.44294256944542,40.74478,-73.9758819,2013-06-26 16:10:00
1587,2013-06-28 16:59:09,2013-06-28 17:25:36,331,Pike St & Monroe St,40.71173107,-73.99193043,312.0,Allen St & Stanton St,40.722055,-73.989111,17995,Customer,,0,end,13147,1119.5201778634705,82.3774053924105,40.7214625,-73.9885242,2013-06-28 16:59:00
383,2013-07-01 20:14:21,2013-07-01 20:20:44,326,E 11 St & 1 Ave,40.72953837,-73.98426726,507.0,E 25 St & 2 Ave,40.73912601,-73.97973776,15529,Subscriber,1988,1,start,15504,80.63578337656301,1063.3642410466255,40.7300064,-73.9835363,2013-07-01 20:20:00
752,2013-07-08 09:38:06,2013-07-08 09:50:38,476,E 31 St & 3 Ave,40.74394314,-73.97966069,444.0,Broadway & W 24 St,40.7423543,-73.98915076,17537,Subscriber,1991,1,end,24330,830.3717065008301,13.342260755400867,40.7422733,-73.9892676,2013-07-08 09:50:00
945,2013-07-08 09:49:06,2013-07-08 10:04:51,450,W 49 St & 8 Ave,40.76227205,-73.98788205,444.0,Broadway & W 24 St,40.7423543,-73.98915076,17960,Subscriber,1989,1,end,24330,2226.823224059865,13.342260755400867,40.7422733,-73.9892676,2013-07-08 09:50:00
2118,2013-07-08 17:56:42,2013-07-08 18:32:00,350,Clinton St & Grand St,40.71559509,-73.9870295,393.0,E 5 St & Avenue C,40.72299208,-73.97995466,18640,Subscriber,1960,2,end,15518,1018.2432766242969,22.116575246968473,40.7228913,-73.9797284,2013-07-08 17:56:00
759,2013-07-08 19:46:38,2013-07-08 19:59:17,518,E 39 St & 2 Ave,40.74780373,-73.9734419,438.0,St Marks Pl & 1 Ave,40.72779126,-73.98564945,20566,Subscriber,1972,2,end,15519,2385.047507669056,79.2716899454944,40.7281758,-73.9848573,2013-07-08 20:00:00
1435,2013-07-09 17:39:45,2013-07-09 18:03:40,377,6 Ave & Canal St,40.72243797,-74.00566443,384.0,Fulton St & Waverly Ave,40.68317813,-73.9659641,15772,Subscriber,1979,1,start,3187,54.905933259372105,5543.214320108106,40.7225499,-74.006299,2013-07-09 17:40:00
457,2013-07-09 17:40:01,2013-07-09 17:47:38,377,6 Ave & Canal St,40.72243797,-74.00566443,417.0,Barclay St & Church St,40.71291224,-74.01020234,18697,Subscriber,1977,1,start,3187,54.905933259372105,1121.0153094809987,40.7225499,-74.006299,2013-07-09 17:40:00
578,2013-07-09 18:45:53,2013-07-09 18:55:31,523,W 38 St & 8 Ave,40.75466591,-73.99138152,482.0,W 15 St & 7 Ave,40.73935542,-73.99931783,16631,Subscriber,1982,2,end,11096,1923.4075099196698,94.46919964717918,40.738552,-73.9996824,2013-07-09 18:55:00
857,2013-07-10 00:29:26,2013-07-10 00:43:43,301,E 2 St & Avenue B,40.72217444,-73.98368779,532.0,S 5 Pl & S 4 St,40.710451,-73.960876,20133,Subscriber,1991,1,end,196382,2368.075917627927,87.00989151254925,40.7107873,-73.9599439,2013-07-10 00:30:00
3505,2013-07-11 18:00:35,2013-07-11 18:59:00,362,Broadway & W 37 St,40.75172632,-73.98753523,426.0,West St & Chambers St,40.71754834,-74.01322069,15675,Subscriber,1991,1,end,3205,4395.016130572534,51.073422659073586,40.7171751,-74.0128675,2013-07-11 19:00:00
2427,2013-07-11 19:00:52,2013-07-11 19:41:19,426,West St & Chambers St,40.71754834,-74.01322069,153.0,E 40 St & 5 Ave,40.752062307,-73.9816324043,18251,Subscriber,1975,2,start,3205,51.073422659073586,4687.760280413631,40.7171751,-74.0128675,2013-07-11 19:00:00
653,2013-07-15 11:44:15,2013-07-15 11:55:08,236,St Marks Pl & 2 Ave,40.7284186,-73.98713956,447.0,8 Ave & W 52 St,40.76370739,-73.9851615,15654,Subscriber,1990,2,start,15551,85.85189359635325,3842.61333221683,40.7291862,-73.9872492,2013-07-15 11:45:00
633,2013-07-15 15:35:47,2013-07-15 15:46:20,267,Broadway & W 36 St,40.75097711,-73.98765428,228.0,E 48 St & 3 Ave,40.7546011026,-73.971878855,16461,Subscriber,1974,1,end,35485,1348.1905100958938,76.2105027521161,40.7539439,-73.9721356,2013-07-15 15:35:00
748,2013-07-16 16:45:19,2013-07-16 16:57:47,483,E 12 St & 3 Ave,40.73223272,-73.98889957,438.0,St Marks Pl & 1 Ave,40.72779126,-73.98564945,16191,Subscriber,1981,1,end,15555,642.6041734752456,91.21367711403758,40.7269737,-73.9857379,2013-07-16 16:45:00
1617,2013-07-17 09:15:13,2013-07-17 09:42:10,489,10 Ave & W 28 St,40.75066386,-74.00176802,290.0,2 Ave & E 58 St,40.76020258,-73.96478473,17945,Subscriber,1974,1,end,35511,3342.642132110029,59.399637931647455,40.7606005,-73.9643142,2013-07-17 09:15:00
410,2013-07-17 19:03:31,2013-07-17 19:10:21,459,W 20 St & 11 Ave,40.746745,-74.007756,366.0,Clinton Ave & Myrtle Ave,40.693261,-73.968896,16599,Subscriber,1975,1,end,192990,6764.098044597429,80.1414501764855,40.6931332,-73.9698315,2013-07-17 19:11:00
432,2013-07-17 19:10:20,2013-07-17 19:17:32,324,DeKalb Ave & Hudson Ave,40.689888,-73.981013,366.0,Clinton Ave & Myrtle Ave,40.693261,-73.968896,20230,Subscriber,1982,1,end,192990,1009.4315397530734,80.1414501764855,40.6931332,-73.9698315,2013-07-17 19:11:00
428,2013-07-18 12:53:15,2013-07-18 13:00:23,537,Lexington Ave & E 24 St,40.74025878,-73.98409214,487.0,E 20 St & FDR Drive,40.73314259,-73.97573881,14866,Customer,\N,0,start,24392,99.54251514014965,1037.8258281477838,40.7395116,-73.9847429,2013-07-18 13:00:00
459,2013-07-22 14:45:28,2013-07-22 14:53:07,403,E 2 St & 2 Ave,40.72502876,-73.99069656,253.0,W 13 St & 5 Ave,40.73543934,-73.99453948,15019,Subscriber,1957,1,end,24440,1245.0271207995997,99.9850186964182,40.7360047,-73.9936167,2013-07-22 14:54:00
593,2013-07-22 14:54:19,2013-07-22 15:04:12,253,W 13 St & 5 Ave,40.73543934,-73.99453948,476.0,E 31 St & 3 Ave,40.74394314,-73.97966069,15019,Subscriber,1985,1,start,24440,99.9850186964182,1470.2667423516968,40.7360047,-73.9936167,2013-07-22 14:54:00
1021,2013-07-23 13:35:36,2013-07-23 13:52:37,410,Suffolk St & Stanton St,40.72066442,-73.98517977,324.0,DeKalb Ave & Hudson Ave,40.689888,-73.981013,14836,Subscriber,1953,2,end,193015,3431.495115780056,39.08189379791176,40.6899325,-73.9814728,2013-07-23 13:53:00
566,2013-07-23 13:43:54,2013-07-23 13:53:20,399,Lafayette Ave & St James Pl,40.68851534,-73.9647628,324.0,DeKalb Ave & Hudson Ave,40.689888,-73.981013,15940,Subscriber,1957,1,end,193015,1417.6795017510153,39.08189379791176,40.6899325,-73.9814728,2013-07-23 13:53:00
2026,2013-07-28 15:00:11,2013-07-28 15:33:57,488,W 39 St & 9 Ave,40.75645824,-73.99372222,2010.0,Grand St & Greene St,40.72165481,-74.00234737,16432,Subscriber,1956,1,end,3388,3968.5078869262406,88.1515038582804,40.7212518,-74.0014466,2013-07-28 15:00:00
1007,2013-07-29 07:47:32,2013-07-29 08:04:19,486,Broadway & W 29 St,40.7462009,-73.98855723,228.0,E 48 St & 3 Ave,40.7546011026,-73.971878855,19972,Subscriber,1971,1,end,35640,1699.3682314388318,17.359681441068556,40.7545696,-73.971677,2013-07-29 08:05:00
874,2013-07-29 07:51:26,2013-07-29 08:06:00,514,12 Ave & W 40 St,40.76087502,-74.00277668,228.0,E 48 St & 3 Ave,40.7546011026,-73.971878855,14665,Subscriber,1970,1,end,35640,2711.6655507663572,17.359681441068556,40.7545696,-73.971677,2013-07-29 08:05:00
1179,2013-07-29 08:22:12,2013-07-29 08:41:51,2000,Front St & Washington St,40.70255088,-73.98940236,229.0,Great Jones St,40.72743423,-73.99379025,18621,Subscriber,1955,1,end,15615,2832.5785507460755,72.57125131840478,40.7278664,-73.9931449,2013-07-29 08:22:00
618,2013-07-30 06:49:09,2013-07-30 06:59:27,545,E 23 St & 1 Ave,40.736502,-73.97809472,293.0,Lafayette St & E 8 St,40.73028666,-73.9907647,15750,Subscriber,1971,1,end,15620,1344.816567094239,73.60244345861703,40.7298617,-73.9914344,2013-07-30 06:50:00
651,2013-07-30 16:53:45,2013-07-30 17:04:36,396,Lefferts Pl & Franklin Ave,40.680342423,-73.9557689392,527.0,E 33 St & 1 Ave,40.74315566,-73.97434726,19795,Customer,\N,0,start,181495,88.73214259227586,7073.643111694137,40.6811367,-73.9556676,2013-07-30 17:05:00
1066,2013-07-30 17:04:11,2013-07-30 17:21:57,157,Henry St & Atlantic Ave,40.69089272,-73.99612349,396.0,Lefferts Pl & Franklin Ave,40.680342423,-73.9557689392,19074,Subscriber,1987,2,end,181495,3579.5233310799467,88.73214259227586,40.6811367,-73.9556676,2013-07-30 17:05:00
662,2013-07-31 09:29:31,2013-07-31 09:40:33,525,W 34 St & 11 Ave,40.75594159,-74.0021163,168.0,W 18 St & 6 Ave,40.73971301,-73.99456405,17185,Subscriber,1990,1,end,24492,1836.1666960507894,81.21129586506541,40.740443,-73.9945943,2013-07-31 09:30:00
183,2013-07-31 09:30:12,2013-07-31 09:33:15,482,W 15 St & 7 Ave,40.73935542,-73.99931783,168.0,W 18 St & 6 Ave,40.73971301,-73.99456405,19808,Subscriber,1976,1,end,24492,415.92802409581066,81.21129586506541,40.740443,-73.9945943,2013-07-31 09:30:00
822,2013-07-31 09:30:34,2013-07-31 09:44:16,168,W 18 St & 6 Ave,40.73971301,-73.99456405,303.0,Mercer St & Spring St,40.72362738,-73.99949601,16804,Subscriber,1954,1,start,24492,81.21129586506541,1914.8864610886765,40.740443,-73.9945943,2013-07-31 09:30:00
728,2013-07-31 11:29:41,2013-07-31 11:41:49,465,Broadway & W 41 St,40.75513557,-73.98658032,522.0,E 51 St & Lexington Ave,40.75714758,-73.97207836,19529,Subscriber,1965,1,start,29824,77.60340486272965,1309.375307034334,40.7553738,-73.9874463,2013-07-31 11:30:00
693,2013-07-31 14:34:11,2013-07-31 14:45:44,304,Broadway & Battery Pl,40.70463334,-74.01361706,386.0,Centre St & Worth St,40.71494807,-74.00234482,16640,Subscriber,1967,1,end,7972,1509.6144871040237,91.28464594329368,40.7155838,-74.0030301,2013-07-31 14:45:00
252,2013-08-01 13:16:56,2013-08-01 13:21:08,497,E 17 St & Broadway,40.73704984,-73.99009296,293.0,Lafayette St & E 8 St,40.73028666,-73.9907647,18068,Subscriber,1974,2,start,24487,83.08701000506056,836.8253016356259,40.7377967,-73.9901235,2013-08-01 13:17:00
2451,2013-08-02 18:52:52,2013-08-02 19:33:43,501,FDR Drive & E 35 St,40.744219,-73.97121214,83.0,Atlantic Ave & Fort Greene Pl,40.68382604,-73.97632328,20613,Subscriber,1970,1,end,178116,6710.896798717414,98.93083812372629,40.6840525,-73.9774579,2013-08-02 19:34:00
866,2013-08-02 21:58:53,2013-08-02 22:13:19,263,Elizabeth St & Hester St,40.71729,-73.996375,252.0,MacDougal St & Washington Sq,40.73226398,-73.99852205,18549,Subscriber,1975,1,start,7993,79.70191285901632,1686.4042645132317,40.71728,-73.9954294,2013-08-02 21:59:00
450,2013-08-04 12:59:33,2013-08-04 13:07:03,478,11 Ave & W 41 St,40.76030096,-73.99884222,368.0,Carmine St & 6 Ave,40.73038599,-74.00214988,15618,Customer,\N,0,start,19780,73.10801487247812,3399.8140042110685,40.7608228,-73.9983142,2013-08-04 13:00:00
405,2013-08-05 17:42:25,2013-08-05 17:49:10,274,Lafayette Ave & Fort Greene Pl,40.68691865,-73.976682,365.0,Fulton St & Grand Ave,40.68223166,-73.9614583,19059,Subscriber,1969,1,start,193075,41.85894323707007,1352.9096398674678,40.6870248,-73.9762057,2013-08-05 17:50:00
2053,2013-08-05 17:50:33,2013-08-05 18:24:46,537,Lexington Ave & E 24 St,40.74025878,-73.98409214,274.0,Lafayette Ave & Fort Greene Pl,40.68691865,-73.976682,18237,Subscriber,1981,1,end,193075,5956.55987945436,41.85894323707007,40.6870248,-73.9762057,2013-08-05 17:50:00
436,2013-08-07 22:11:55,2013-08-07 22:19:11,521,8 Ave & W 31 St,40.75044999,-73.99481051,540.0,Lexington Ave & E 26 St,40.74147286,-73.98320928,16619,Subscriber,1987,1,start,29954,17.564385822006415,1386.544794602617,40.7502939,-73.9948425,2013-08-07 22:19:00
1080,2013-08-07 22:18:40,2013-08-07 22:36:40,223,W 13 St & 7 Ave,40.73781509,-73.99994661,521.0,8 Ave & W 31 St,40.75044999,-73.99481051,19406,Customer,\N,0,end,29954,1452.6806449120284,17.564385822006415,40.7502939,-73.9948425,2013-08-07 22:19:00
1755,2013-08-08 12:02:10,2013-08-08 12:31:25,2002,Wythe Ave & Metropolitan Ave,40.716887,-73.963198,439.0,E 4 St & 2 Ave,40.7262807,-73.98978041,19621,Subscriber,1974,2,start,200068,21.17175032690109,2462.624867016814,40.7167665,-73.9633925,2013-08-08 12:31:00
2821,2013-08-08 12:31:55,2013-08-08 13:18:56,2002,Wythe Ave & Metropolitan Ave,40.716887,-73.963198,265.0,Stanton St & Chrystie St,40.72229346,-73.99147535,15824,Customer,\N,0,start,200068,21.17175032690109,2445.204750183722,40.7167665,-73.9633925,2013-08-08 12:31:00
177,2013-08-08 18:58:30,2013-08-08 19:01:27,417,Barclay St & Church St,40.71291224,-74.01020234,426.0,West St & Chambers St,40.71754834,-74.01322069,19799,Subscriber,1968,1,end,3493,524.5385659185349,51.073422659073586,40.7171751,-74.0128675,2013-08-08 18:58:00
1506,2013-08-08 18:58:32,2013-08-08 19:23:38,447,8 Ave & W 52 St,40.76370739,-73.9851615,426.0,West St & Chambers St,40.71754834,-74.01322069,19146,Subscriber,1972,1,end,3493,5676.313040023789,51.073422659073586,40.7171751,-74.0128675,2013-08-08 18:58:00
1300,2013-08-09 13:38:42,2013-08-09 14:00:22,394,E 9 St & Avenue C,40.72521311,-73.97768752,296.0,Division St & Bowery,40.71413089,-73.9970468,16149,Subscriber,1965,1,start,15690,25.819609333494927,2030.1501961358415,40.7252872,-73.9779779,2013-08-09 14:01:00
709,2013-08-09 14:00:57,2013-08-09 14:12:46,394,E 9 St & Avenue C,40.72521311,-73.97768752,265.0,Stanton St & Chrystie St,40.72229346,-73.99147535,14915,Subscriber,1971,1,start,15690,25.819609333494927,1185.1513573417694,40.7252872,-73.9779779,2013-08-09 14:01:00
1046,2013-08-10 06:30:38,2013-08-10 06:48:04,358,Christopher St & Greenwich St,40.73291553,-74.00711384,259.0,South St & Whitehall St,40.70122128,-74.01234218,16163,Subscriber,1997,1,end,3506,3522.5920166481337,36.14397325926725,40.7015053,-74.0125507,2013-08-10 06:30:00
294,2013-08-10 18:54:45,2013-08-10 18:59:39,257,Lispenard St & Broadway,40.71939226,-74.00247214,330.0,Reade St & Broadway,40.71450451,-74.00562789,16868,Subscriber,1978,1,start,3516,57.94090803342803,652.3551959261047,40.7199041,-74.002601,2013-08-10 19:00:00
1287,2013-08-11 18:09:21,2013-08-11 18:30:48,329,Greenwich St & N Moore St,40.72043411,-74.01020609,243.0,Fulton St & Rockwell Pl,40.687979,-73.978474,19494,Subscriber,1985,2,end,193105,4580.913027126581,96.05506851362185,40.6875356,-73.9774963,2013-08-11 18:30:00
290,2013-08-11 18:25:01,2013-08-11 18:29:51,243,Fulton St & Rockwell Pl,40.687979,-73.978474,469.0,Broadway & W 53 St,40.76344058,-73.98268129,20560,Subscriber,1984,1,start,193105,96.05506851362185,8451.562206064387,40.6875356,-73.9774963,2013-08-11 18:30:00
841,2013-08-12 14:50:26,2013-08-12 15:04:27,294,Washington Square E,40.73049393,-73.9957214,493.0,W 45 St & 6 Ave,40.7568001,-73.98291153,15389,Subscriber,1990,1,end,42355,3120.642577290828,17.261985233507232,40.7567703,-73.9827104,2013-08-12 14:50:00
458,2013-08-16 16:57:50,2013-08-16 17:05:28,335,Washington Pl & Broadway,40.72903917,-73.99404649,263.0,Elizabeth St & Hester St,40.71729,-73.996375,19188,Subscriber,1969,1,start,15694,71.79077052736943,1249.6566498781344,40.7284127,-73.9942525,2013-08-16 17:05:00
1787,2013-08-16 17:29:51,2013-08-16 17:59:38,2012,E 27 St & 1 Ave,40.739445,-73.976806,376.0,John St & William St,40.70862144,-74.00722156,16303,Customer,\N,0,start,24604,90.95410961524716,4271.013868707785,40.7398618,-73.9777349,2013-08-16 18:00:00
977,2013-08-18 21:29:03,2013-08-18 21:45:20,301,E 2 St & Avenue B,40.72217444,-73.98368779,532.0,S 5 Pl & S 4 St,40.710451,-73.960876,16252,Subscriber,1982,1,end,196646,2240.0965730141256,84.74949429907956,40.7107357,-73.9618087,2013-08-18 21:45:00
1857,2013-08-21 18:58:38,2013-08-21 19:29:35,223,W 13 St & 7 Ave,40.73781509,-73.99994661,432.0,E 7 St & Avenue A,40.72621788,-73.98379855,15730,Customer,\N,0,end,15715,1923.101220471808,84.03023671628425,40.7254721,-73.9839596,2013-08-21 19:30:00
378,2013-08-21 19:29:07,2013-08-21 19:35:25,432,E 7 St & Avenue A,40.72621788,-73.98379855,285.0,Broadway & E 14 St,40.73454567,-73.99074142,19941,Subscriber,1964,1,start,15715,84.03023671628425,1159.5316613141472,40.7254721,-73.9839596,2013-08-21 19:30:00
403,2013-08-22 18:03:56,2013-08-22 18:10:39,444,Broadway & W 24 St,40.7423543,-73.98915076,152.0,Warren St & Church St,40.71473993,-74.00910627,14959,Subscriber,1959,2,start,24658,96.41985608461916,3405.181789979249,40.7415488,-73.9895745,2013-08-22 18:10:00
736,2013-08-23 17:57:41,2013-08-23 18:09:57,512,W 29 St & 9 Ave,40.7500727,-73.99839279,368.0,Carmine St & 6 Ave,40.73038599,-74.00214988,18864,Subscriber,1961,1,start,19952,72.6348078679044,2156.7398830716543,40.749638,-73.9990364,2013-08-23 18:10:00
2898,2013-08-23 18:10:33,2013-08-23 18:58:51,512,W 29 St & 9 Ave,40.7500727,-73.99839279,366.0,Clinton Ave & Myrtle Ave,40.693261,-73.968896,16067,Subscriber,1985,2,start,19952,72.6348078679044,6763.891513396693,40.749638,-73.9990364,2013-08-23 18:10:00
704,2013-08-29 08:48:49,2013-08-29 09:00:33,301,E 2 St & Avenue B,40.72217444,-73.98368779,263.0,Elizabeth St & Hester St,40.71729,-73.996375,19206,Subscriber,1986,1,end,8196,1283.742252952888,97.77740659234513,40.7165417,-73.9969843,2013-08-29 09:00:00
1562,2013-08-31 16:05:10,2013-08-31 16:31:12,217,Old Fulton St,40.70277159,-73.99383605,396.0,Lefferts Pl & Franklin Ave,40.680342423,-73.9557689392,20583,Customer,\N,0,end,181665,4017.836641394757,88.73214259227586,40.6811367,-73.9556676,2013-08-31 16:05:00
751,2013-09-03 17:11:29,2013-09-03 17:24:00,447,8 Ave & W 52 St,40.76370739,-73.9851615,521.0,8 Ave & W 31 St,40.75044999,-73.99481051,19964,Subscriber,1971,1,start,42610,97.02139403313629,1586.5684483142204,40.7629162,-73.9856472,2013-09-03 17:12:00
79,2013-09-03 17:12:17,2013-09-03 17:13:36,447,8 Ave & W 52 St,40.76370739,-73.9851615,469.0,Broadway & W 53 St,40.76344058,-73.98268129,18363,Subscriber,1974,1,start,42610,97.02139403313629,256.506494644408,40.7629162,-73.9856472,2013-09-03 17:12:00
589,2013-09-03 17:12:21,2013-09-03 17:22:10,379,W 31 St & 7 Ave,40.749156,-73.9916,447.0,8 Ave & W 52 St,40.76370739,-73.9851615,20356,Subscriber,1981,2,end,42610,1610.1270307812517,97.02139403313629,40.7629162,-73.9856472,2013-09-03 17:12:00
1162,2013-09-05 16:54:55,2013-09-05 17:14:17,466,W 25 St & 6 Ave,40.74395411,-73.99144871,454.0,E 51 St & 1 Ave,40.75455731,-73.96592976,18526,Subscriber,1987,1,start,24762,43.8609445768369,2470.7243629883556,40.7441866,-73.9918693,2013-09-05 17:15:00
338,2013-09-05 21:20:14,2013-09-05 21:25:52,456,E 53 St & Madison Ave,40.7597108,-73.97402311,472.0,E 32 St & Park Ave,40.7457121,-73.98194829,18416,Subscriber,1982,1,end,30201,1774.4236700876029,88.45114313103971,40.7451792,-73.9827278,2013-09-05 21:25:00
665,2013-09-05 21:24:25,2013-09-05 21:35:30,504,1 Ave & E 15 St,40.73221853,-73.98165557,472.0,E 32 St & Park Ave,40.7457121,-73.98194829,17582,Subscriber,1985,1,end,30201,1443.9913006833544,88.45114313103971,40.7451792,-73.9827278,2013-09-05 21:25:00
879,2013-09-05 21:24:58,2013-09-05 21:39:37,546,E 30 St & Park Ave S,40.74444921,-73.98303529,2022.0,E 59 St & Sutton Pl,40.75849116,-73.95920622,16029,Subscriber,1975,1,start,30201,85.2045035030644,2473.214501616654,40.7451792,-73.9827278,2013-09-05 21:25:00
426,2013-09-05 21:25:55,2013-09-05 21:33:01,2012,E 27 St & 1 Ave,40.739445,-73.976806,472.0,E 32 St & Park Ave,40.7457121,-73.98194829,18533,Subscriber,1982,1,end,30201,809.5981607937314,88.45114313103971,40.7451792,-73.9827278,2013-09-05 21:25:00
1955,2013-09-06 17:12:51,2013-09-06 17:45:26,379,W 31 St & 7 Ave,40.749156,-73.9916,539.0,Metropolitan Ave & Bedford Ave,40.71534825,-73.96024116,18481,Subscriber,1978,1,end,196776,4589.496734096227,17.045129331695936,40.7153053,-73.9604353,2013-09-06 17:45:00
1582,2013-09-06 17:18:18,2013-09-06 17:44:40,539,Metropolitan Ave & Bedford Ave,40.71534825,-73.96024116,497.0,E 17 St & Broadway,40.73704984,-73.99009296,16919,Customer,\N,0,start,196776,17.045129331695936,3477.367120567558,40.7153053,-73.9604353,2013-09-06 17:45:00
1352,2013-09-06 17:44:48,2013-09-06 18:07:20,539,Metropolitan Ave & Bedford Ave,40.71534825,-73.96024116,407.0,Henry St & Poplar St,40.700469,-73.991454,16863,Subscriber,1984,1,start,196776,17.045129331695936,3091.5494785339533,40.7153053,-73.9604353,2013-09-06 17:45:00
552,2013-09-08 15:40:04,2013-09-08 15:49:16,507,E 25 St & 2 Ave,40.73912601,-73.97973776,496.0,E 16 St & 5 Ave,40.73726186,-73.99238967,14968,Subscriber,1994,2,start,24783,75.62830098491217,1121.314352213753,40.7397825,-73.9795031,2013-09-08 15:50:00
704,2013-09-08 15:47:56,2013-09-08 15:59:40,318,E 43 St & Vanderbilt Ave,40.75320159,-73.9779874,457.0,Broadway & W 58 St,40.76695317,-73.98169333,19833,Subscriber,1947,1,start,30226,93.01713910052764,1641.394685680819,40.7524109,-73.9783479,2013-09-08 16:00:00
1163,2013-09-10 09:18:37,2013-09-10 09:38:00,466,W 25 St & 6 Ave,40.74395411,-73.99144871,276.0,Duane St & Greenwich St,40.71748752,-74.0104554,19270,Subscriber,1985,1,start,24803,94.2497638767843,3434.7579462519857,40.7448014,-73.9914181,2013-09-10 09:38:00
805,2013-09-10 09:24:59,2013-09-10 09:38:24,466,W 25 St & 6 Ave,40.74395411,-73.99144871,228.0,E 48 St & 3 Ave,40.7546011026,-73.971878855,16961,Subscriber,1979,1,start,24803,94.2497638767843,1973.963796610857,40.7448014,-73.9914181,2013-09-10 09:38:00
608,2013-09-10 09:27:04,2013-09-10 09:37:12,466,W 25 St & 6 Ave,40.74395411,-73.99144871,485.0,W 37 St & 5 Ave,40.75038009,-73.98338988,19565,Subscriber,1983,1,start,24803,94.2497638767843,917.7060731857555,40.7448014,-73.9914181,2013-09-10 09:38:00
728,2013-09-10 09:37:22,2013-09-10 09:49:30,293,Lafayette St & E 8 St,40.73028666,-73.9907647,466.0,W 25 St & 6 Ave,40.74395411,-73.99144871,16319,Subscriber,1974,1,end,24803,1614.9062793261855,94.2497638767843,40.7448014,-73.9914181,2013-09-10 09:38:00
377,2013-09-10 09:37:42,2013-09-10 09:43:59,254,W 11 St & 6 Ave,40.73532427,-73.99800419,466.0,W 25 St & 6 Ave,40.74395411,-73.99144871,19000,Subscriber,1961,1,end,24803,1190.9686475042893,94.2497638767843,40.7448014,-73.9914181,2013-09-10 09:38:00
594,2013-09-10 10:03:04,2013-09-10 10:12:58,474,5 Ave & E 29 St,40.7451677,-73.98683077,465.0,Broadway & W 41 St,40.75513557,-73.98658032,14794,Subscriber,1970,1,start,30246,91.45797627526069,1024.756900802825,40.7459208,-73.9863943,2013-09-10 10:12:00
343,2013-09-10 13:15:59,2013-09-10 13:21:42,494,W 26 St & 8 Ave,40.74734825,-73.99723551,474.0,5 Ave & E 29 St,40.7451677,-73.98683077,14638,Subscriber,1977,1,start,20087,19.576786134284514,894.1735124596945,40.7472061,-73.9970984,2013-09-10 13:15:00
2075,2013-09-10 18:44:49,2013-09-10 19:19:24,490,8 Ave & W 33 St,40.751551,-73.993934,387.0,Centre St & Chambers St,40.71273266,-74.0046073,19883,Subscriber,1981,2,start,30258,3.25663664436719,4405.880125805426,40.7515235,-73.9939473,2013-09-10 19:20:00
496,2013-09-12 07:00:27,2013-09-12 07:08:43,477,W 41 St & 8 Ave,40.75640548,-73.9900262,520.0,W 52 St & 5 Ave,40.75992262,-73.97648516,19700,Subscriber,1972,1,end,42832,1160.1390671754955,86.95463817136981,40.7591654,-73.976743,2013-09-12 07:00:00
392,2013-09-12 07:00:34,2013-09-12 07:07:06,513,W 56 St & 10 Ave,40.768254,-73.988639,520.0,W 52 St & 5 Ave,40.75992262,-73.97648516,17779,Subscriber,1966,1,end,42832,1423.0588813183283,86.95463817136981,40.7591654,-73.976743,2013-09-12 07:00:00
351,2013-09-13 11:29:58,2013-09-13 11:35:49,293,Lafayette St & E 8 St,40.73028666,-73.9907647,254.0,W 11 St & 6 Ave,40.73532427,-73.99800419,19075,Subscriber,1990,1,end,11392,835.9498437926907,84.89969281624123,40.7347834,-73.9987154,2013-09-13 11:30:00
335,2013-09-19 13:23:55,2013-09-19 13:29:30,334,W 20 St & 7 Ave,40.74238787,-73.99726235,388.0,W 26 St & 10 Ave,40.749717753,-74.002950346,20263,Subscriber,1967,1,end,20169,926.3535119328174,19.714772623988214,40.7495913,-74.0027863,2013-09-19 13:30:00
362,2013-09-19 13:24:16,2013-09-19 13:30:18,521,8 Ave & W 31 St,40.75044999,-73.99481051,388.0,W 26 St & 10 Ave,40.749717753,-74.002950346,15882,Subscriber,1976,1,end,20169,678.6112455091178,19.714772623988214,40.7495913,-74.0027863,2013-09-19 13:30:00
227,2013-09-19 13:26:09,2013-09-19 13:29:56,388,W 26 St & 10 Ave,40.749717753,-74.002950346,442.0,W 27 St & 7 Ave,40.746647,-73.993915,15327,Subscriber,1989,1,start,20169,19.714772623988214,815.8850415861184,40.7495913,-74.0027863,2013-09-19 13:30:00
211,2013-09-19 13:29:33,2013-09-19 13:33:04,453,W 22 St & 8 Ave,40.74475148,-73.99915362,388.0,W 26 St & 10 Ave,40.749717753,-74.002950346,17851,Subscriber,1972,1,end,20169,619.0876073715428,19.714772623988214,40.7495913,-74.0027863,2013-09-19 13:30:00
349,2013-09-20 07:24:46,2013-09-20 07:30:35,385,E 55 St & 2 Ave,40.75797322,-73.96603308,456.0,E 53 St & Madison Ave,40.7597108,-73.97402311,16659,Subscriber,1953,1,end,42801,717.2072049770097,17.131774700864938,40.7597385,-73.9742232,2013-09-20 07:25:00
1100,2013-09-20 10:00:40,2013-09-20 10:19:00,264,Maiden Ln & Pearl St,40.70706456,-74.00731853,168.0,W 18 St & 6 Ave,40.73971301,-73.99456405,15654,Subscriber,1983,1,end,24873,3718.0342312470752,89.26137299112811,40.7392682,-73.995446,2013-09-20 10:20:00
758,2013-09-20 10:06:32,2013-09-20 10:19:10,517,Pershing Square S,40.75149263,-73.97798848,168.0,W 18 St & 6 Ave,40.73971301,-73.99456405,19342,Subscriber,1983,1,end,24873,2002.6448757007367,89.26137299112811,40.7392682,-73.995446,2013-09-20 10:20:00
446,2013-09-20 22:20:52,2013-09-20 22:28:18,352,W 56 St & 6 Ave,40.76340613,-73.97722479,402.0,Broadway & E 22 St,40.7403432,-73.98955109,18071,Subscriber,1979,2,start,42848,87.87685428458039,2699.0829099568973,40.7630248,-73.9781387,2013-09-20 22:20:00
1274,2013-09-21 19:08:47,2013-09-21 19:30:01,375,Mercer St & Bleecker St,40.72679454,-73.99695094,505.0,6 Ave & W 33 St,40.74901271,-73.98848395,19995,Customer,\N,0,start,15850,97.9283377727092,2576.033091794638,40.7265271,-73.9958437,2013-09-21 19:30:00
1269,2013-09-21 19:08:52,2013-09-21 19:30:01,375,Mercer St & Bleecker St,40.72679454,-73.99695094,505.0,6 Ave & W 33 St,40.74901271,-73.98848395,17789,Customer,\N,0,start,15850,97.9283377727092,2576.033091794638,40.7265271,-73.9958437,2013-09-21 19:30:00
1120,2013-09-21 19:29:00,2013-09-21 19:47:40,328,Watts St & Greenwich St,40.72405549,-74.00965965,375.0,Mercer St & Bleecker St,40.72679454,-73.99695094,20236,Subscriber,1952,2,end,15850,1196.2516686110766,97.9283377727092,40.7265271,-73.9958437,2013-09-21 19:30:00
540,2013-09-25 18:54:50,2013-09-25 19:03:50,223,W 13 St & 7 Ave,40.73781509,-73.99994661,369.0,Washington Pl & 6 Ave,40.73224119,-74.00026394,20620,Subscriber,1968,2,start,11455,87.8546653863543,555.5528768819158,40.737229,-74.0006459,2013-09-25 19:03:00
861,2013-09-25 19:02:45,2013-09-25 19:17:06,223,W 13 St & 7 Ave,40.73781509,-73.99994661,238.0,Bank St & Washington St,40.7361967,-74.00859207,20162,Subscriber,1976,1,start,11455,87.8546653863543,679.2681311996095,40.737229,-74.0006459,2013-09-25 19:03:00
1022,2013-09-27 08:54:02,2013-09-27 09:11:04,116,W 17 St & 8 Ave,40.74177603,-74.00149746,457.0,Broadway & W 58 St,40.76695317,-73.98169333,20148,Subscriber,1981,1,end,42922,3317.19795464577,94.70752045949969,40.7677437,-73.9821119,2013-09-27 08:55:00
698,2013-09-27 08:54:58,2013-09-27 09:06:36,318,E 43 St & Vanderbilt Ave,40.75320159,-73.9779874,457.0,Broadway & W 58 St,40.76695317,-73.98169333,19346,Subscriber,1987,1,end,42922,1653.9043789825132,94.70752045949969,40.7677437,-73.9821119,2013-09-27 08:55:00
220,2013-09-27 12:07:19,2013-09-27 12:10:59,428,E 3 St & 1 Ave,40.72467721,-73.98783413,301.0,E 2 St & Avenue B,40.72217444,-73.98368779,14787,Subscriber,1991,1,end,15876,467.0141928309114,82.34075885871705,40.7226723,-73.9829645,2013-09-27 12:10:00
1686,2013-09-27 22:00:08,2013-09-27 22:28:14,426,West St & Chambers St,40.71754834,-74.01322069,442.0,W 27 St & 7 Ave,40.746647,-73.993915,16120,Subscriber,1993,1,start,3952,51.073422659073586,3645.520185561189,40.7171751,-74.0128675,2013-09-27 22:00:00
1676,2013-09-27 22:00:26,2013-09-27 22:28:22,426,West St & Chambers St,40.71754834,-74.01322069,442.0,W 27 St & 7 Ave,40.746647,-73.993915,18923,Subscriber,1990,2,start,3952,51.073422659073586,3645.520185561189,40.7171751,-74.0128675,2013-09-27 22:00:00
1667,2013-09-27 22:00:44,2013-09-27 22:28:31,426,West St & Chambers St,40.71754834,-74.01322069,337.0,Old Slip & Front St,40.7037992,-74.00838676,20305,Customer,\N,0,start,3952,51.073422659073586,1534.53519625785,40.7171751,-74.0128675,2013-09-27 22:00:00
951,2013-09-28 15:48:51,2013-09-28 16:04:42,546,E 30 St & Park Ave S,40.74444921,-73.98303529,514.0,12 Ave & W 40 St,40.76087502,-74.00277668,20016,Subscriber,1976,1,start,30441,16.987031957651475,2453.0861105712493,40.744559,-73.9831755,2013-09-28 16:05:00
1703,2013-09-30 18:23:10,2013-09-30 18:51:33,488,W 39 St & 9 Ave,40.75645824,-73.99372222,247.0,Perry St & Bleecker St,40.73535398,-74.00483091,18271,Subscriber,1952,2,start,30459,26.147210469326566,2524.401151955481,40.7565272,-73.994019,2013-09-30 18:51:00
1411,2013-09-30 18:27:34,2013-09-30 18:51:05,488,W 39 St & 9 Ave,40.75645824,-73.99372222,335.0,Washington Pl & Broadway,40.72903917,-73.99404649,16878,Subscriber,1985,1,start,30459,26.147210469326566,3056.534578707081,40.7565272,-73.994019,2013-09-30 18:51:00
1213,2013-09-30 18:51:46,2013-09-30 19:11:59,2004,6 Ave & Broome St,40.724399,-74.004704,488.0,W 39 St & 9 Ave,40.75645824,-73.99372222,18836,Subscriber,1958,1,end,30459,3684.170531230868,26.147210469326566,40.7565272,-73.994019,2013-09-30 18:51:00
838,2013-10-01 12:17:19,2013-10-01 12:31:17,224,Spruce St & Nassau St,40.71146364,-74.00552427,368.0,Carmine St & 6 Ave,40.73038599,-74.00214988,15880,Subscriber,1987,2,start,3973,65.32309011503908,2080.833751289297,40.7119057,-74.0060347,2013-10-01 12:31:00
1511,2013-10-01 19:19:12,2013-10-01 19:44:23,500,Broadway & W 51 St,40.76228826,-73.98336183,312.0,Allen St & E Houston St,40.722055,-73.989111,16681,Subscriber,1984,1,end,8463,4545.516834187047,45.752037434540455,40.7216438,-73.9891302,2013-10-01 19:20:00
964,2013-10-01 19:19:21,2013-10-01 19:35:25,531,Forsyth St & Broome St,40.71893904,-73.99266288,312.0,Allen St & E Houston St,40.722055,-73.989111,19380,Subscriber,1982,1,end,8463,423.1898065195967,45.752037434540455,40.7216438,-73.9891302,2013-10-01 19:20:00
901,2013-10-01 19:19:25,2013-10-01 19:34:26,528,2 Ave & E 31 St,40.74290902,-73.97706058,312.0,Allen St & E Houston St,40.722055,-73.989111,19341,Subscriber,1985,1,end,8463,2574.0115083745304,45.752037434540455,40.7216438,-73.9891302,2013-10-01 19:20:00
1060,2013-10-01 19:20:15,2013-10-01 19:37:55,312,Allen St & E Houston St,40.722055,-73.989111,476.0,E 31 St & 3 Ave,40.74394314,-73.97966069,17872,Subscriber,1988,2,start,8463,45.752037434540455,2604.7911168344926,40.7216438,-73.9891302,2013-10-01 19:20:00
428,2013-10-03 18:03:04,2013-10-03 18:10:12,485,W 37 St & 5 Ave,40.75038009,-73.98338988,379.0,W 31 St & 7 Ave,40.749156,-73.9916,18236,Subscriber,1956,1,start,30489,75.4471473029888,675.0461485242909,40.7497247,-73.9836217,2013-10-03 18:11:00
484,2013-10-03 18:03:29,2013-10-03 18:11:33,485,W 37 St & 5 Ave,40.75038009,-73.98338988,500.0,Broadway & W 51 St,40.76228826,-73.98336183,17709,Subscriber,1960,1,start,30489,75.4471473029888,1397.1775328752585,40.7497247,-73.9836217,2013-10-03 18:11:00
471,2013-10-03 18:03:44,2013-10-03 18:11:35,167,E 39 St & 3 Ave,40.7489006,-73.97604882,485.0,W 37 St & 5 Ave,40.75038009,-73.98338988,15959,Subscriber,1960,1,end,30489,644.4750379927638,75.4471473029888,40.7497247,-73.9836217,2013-10-03 18:11:00
320,2013-10-03 18:10:20,2013-10-03 18:15:40,167,E 39 St & 3 Ave,40.7489006,-73.97604882,485.0,W 37 St & 5 Ave,40.75038009,-73.98338988,19294,Subscriber,1971,1,end,30489,644.4750379927638,75.4471473029888,40.7497247,-73.9836217,2013-10-03 18:11:00
488,2013-10-03 18:10:42,2013-10-03 18:18:50,2021,W 45 St & 8 Ave,40.75929124,-73.98859651,485.0,W 37 St & 5 Ave,40.75038009,-73.98338988,15465,Subscriber,1975,1,end,30489,1143.311344984901,75.4471473029888,40.7497247,-73.9836217,2013-10-03 18:11:00
396,2013-10-09 16:29:28,2013-10-09 16:36:04,394,E 9 St & Avenue C,40.72521311,-73.97768752,293.0,Lafayette St & E 8 St,40.73028666,-73.9907647,17124,Customer,\N,0,start,15933,74.96965986201587,1217.9486879726535,40.7258772,-73.9775339,2013-10-09 16:30:00
1170,2013-10-12 13:25:00,2013-10-12 13:44:30,503,E 20 St & Park Ave,40.73827428,-73.98751968,398.0,Atlantic Ave & Furman St,40.69165183,-73.9999786,20304,Customer,\N,0,start,25040,72.24383853431476,5361.590096424638,40.7389026,-73.9873015,2013-10-12 13:45:00
1177,2013-10-12 13:25:02,2013-10-12 13:44:39,503,E 20 St & Park Ave,40.73827428,-73.98751968,398.0,Atlantic Ave & Furman St,40.69165183,-73.9999786,16428,Customer,\N,0,start,25040,72.24383853431476,5361.590096424638,40.7389026,-73.9873015,2013-10-12 13:45:00
2248,2013-10-12 14:32:35,2013-10-12 15:10:03,251,Mott St & Prince St,40.72317958,-73.99480012,380.0,W 4 St & 7 Ave S,40.73401143,-74.00293877,16040,Customer,\N,0,end,11529,1323.852443401618,79.59096231547325,40.7337349,-74.0020675,2013-10-12 15:10:00
1386,2013-10-12 14:46:28,2013-10-12 15:09:34,380,W 4 St & 7 Ave S,40.73401143,-74.00293877,257.0,Lispenard St & Broadway,40.71939226,-74.00247214,18583,Subscriber,1982,1,start,11529,79.59096231547325,1595.1954742882526,40.7337349,-74.0020675,2013-10-12 15:10:00
554,2013-10-12 15:00:11,2013-10-12 15:09:25,345,W 13 St & 6 Ave,40.73649403,-73.99704374,380.0,W 4 St & 7 Ave S,40.73401143,-74.00293877,14944,Subscriber,1977,1,end,11529,522.7775455353325,79.59096231547325,40.7337349,-74.0020675,2013-10-12 15:10:00
398,2013-10-12 15:09:44,2013-10-12 15:16:22,380,W 4 St & 7 Ave S,40.73401143,-74.00293877,377.0,6 Ave & Canal St,40.72243797,-74.00566443,15278,Subscriber,1982,1,start,11529,79.59096231547325,1292.2124029604033,40.7337349,-74.0020675,2013-10-12 15:10:00
377,2013-10-12 15:10:19,2013-10-12 15:16:36,380,W 4 St & 7 Ave S,40.73401143,-74.00293877,459.0,W 20 St & 11 Ave,40.746745,-74.007756,18371,Subscriber,1982,1,start,11529,79.59096231547325,1523.9777784832904,40.7337349,-74.0020675,2013-10-12 15:10:00
384,2013-10-14 20:23:36,2013-10-14 20:30:00,440,E 45 St & 3 Ave,40.75255434,-73.97282625,507.0,E 25 St & 2 Ave,40.73912601,-73.97973776,19358,Subscriber,1969,1,end,25063,1527.4970767109999,75.62830098491217,40.7397825,-73.9795031,2013-10-14 20:30:00
861,2013-10-14 20:29:05,2013-10-14 20:43:26,173,Broadway & W 49 St,40.76064679,-73.98442659,507.0,E 25 St & 2 Ave,40.73912601,-73.97973776,18414,Subscriber,1985,2,end,25063,2356.785928098416,75.62830098491217,40.7397825,-73.9795031,2013-10-14 20:30:00
793,2013-10-15 09:01:10,2013-10-15 09:14:23,508,W 46 St & 11 Ave,40.76341379,-73.99667444,281.0,Grand Army Plaza & Central Park S,40.7643971,-73.97371465,18281,Subscriber,1985,2,end,43113,1955.01333908791,84.88200140919649,40.7636578,-73.9734636,2013-10-15 09:15:00
1547,2013-10-16 14:04:16,2013-10-16 14:30:03,521,8 Ave & W 31 St,40.75044999,-73.99481051,411.0,E 6 St & Avenue D,40.72228087,-73.97668709,15468,Subscriber,1961,1,end,15967,3413.196498226294,90.3092354898084,40.7230774,-73.9764778,2013-10-16 14:30:00
555,2013-10-17 15:50:12,2013-10-17 15:59:27,444,Broadway & W 24 St,40.7423543,-73.98915076,128.0,MacDougal St & Prince St,40.72710258,-74.00297088,18291,Subscriber,1961,1,start,25086,96.41985608461916,1963.2670972634328,40.7415488,-73.9895745,2013-10-17 16:00:00
426,2013-10-17 15:59:35,2013-10-17 16:06:41,444,Broadway & W 24 St,40.7423543,-73.98915076,482.0,W 15 St & 7 Ave,40.73935542,-73.99931783,17560,Subscriber,1964,1,start,25086,96.41985608461916,856.337548684994,40.7415488,-73.9895745,2013-10-17 16:00:00
468,2013-10-17 16:00:41,2013-10-17 16:08:29,444,Broadway & W 24 St,40.7423543,-73.98915076,254.0,W 11 St & 6 Ave,40.73532427,-73.99800419,19232,Subscriber,1960,1,start,25086,96.41985608461916,991.6982831094218,40.7415488,-73.9895745,2013-10-17 16:00:00
348,2013-10-17 16:00:44,2013-10-17 16:06:32,444,Broadway & W 24 St,40.7423543,-73.98915076,472.0,E 32 St & Park Ave,40.7457121,-73.98194829,15834,Subscriber,1987,1,start,25086,96.41985608461916,791.8872249313849,40.7415488,-73.9895745,2013-10-17 16:00:00
890,2013-10-18 09:15:12,2013-10-18 09:30:02,251,Mott St & Prince St,40.72317958,-73.99480012,388.0,W 26 St & 10 Ave,40.749717753,-74.002950346,15161,Subscriber,1982,1,start,8586,78.85008438553648,2993.227482691613,40.7233651,-73.9957032,2013-10-18 09:15:00
1142,2013-10-18 16:43:46,2013-10-18 17:02:48,442,W 27 St & 7 Ave,40.746647,-73.993915,403.0,E 2 St & 2 Ave,40.72502876,-73.99069656,15547,Subscriber,1974,1,start,25097,9.059765223158267,2415.0121009151685,40.7466186,-73.9938142,2013-10-18 17:03:00
436,2013-10-18 21:00:17,2013-10-18 21:07:33,505,6 Ave & W 33 St,40.74901271,-73.98848395,528.0,2 Ave & E 31 St,40.74290902,-73.97706058,14918,Subscriber,1969,1,start,30642,58.95331825433547,1162.7594181095772,40.7485121,-73.9887144,2013-10-18 21:00:00
301,2013-10-21 09:59:56,2013-10-21 10:04:57,284,Greenwich Ave & 8 Ave,40.7390169121,-74.0026376103,494.0,W 26 St & 8 Ave,40.74734825,-73.99723551,15601,Subscriber,1990,1,start,11574,82.24622728857929,954.9616469828868,40.7397514,-74.0025224,2013-10-21 10:04:00
395,2013-10-21 10:03:06,2013-10-21 10:09:41,284,Greenwich Ave & 8 Ave,40.7390169121,-74.0026376103,446.0,W 24 St & 7 Ave,40.74487634,-73.99529885,18326,Subscriber,1978,1,start,11574,82.24622728857929,833.7265451390356,40.7397514,-74.0025224,2013-10-21 10:04:00
221,2013-10-21 10:03:17,2013-10-21 10:06:58,212,W 16 St & The High Line,40.74334935,-74.00681753,284.0,Greenwich Ave & 8 Ave,40.7390169121,-74.0026376103,16397,Subscriber,1977,1,end,11574,539.4441137928612,82.24622728857929,40.7397514,-74.0025224,2013-10-21 10:04:00
1536,2013-10-22 18:13:31,2013-10-22 18:39:07,326,E 11 St & 1 Ave,40.72953837,-73.98426726,407.0,Henry St & Poplar St,40.700469,-73.991454,19530,Subscriber,1986,1,start,15995,80.63578337656301,3351.5194762897054,40.7300064,-73.9835363,2013-10-22 18:40:00
1436,2013-10-22 18:16:46,2013-10-22 18:40:42,326,E 11 St & 1 Ave,40.72953837,-73.98426726,428.0,E 3 St & 1 Ave,40.72467721,-73.98783413,15612,Subscriber,1944,1,start,15995,80.63578337656301,694.4867690356269,40.7300064,-73.9835363,2013-10-22 18:40:00
1201,2013-10-23 13:35:11,2013-10-23 13:55:12,435,W 21 St & 6 Ave,40.74173969,-73.99415556,146.0,Hudson St & Reade St,40.71625008,-74.0091059,17970,Subscriber,1977,2,start,25124,37.701109706993336,3104.4526541353207,40.7416232,-73.9937353,2013-10-23 13:55:00
332,2013-10-23 13:50:08,2013-10-23 13:55:40,435,W 21 St & 6 Ave,40.74173969,-73.99415556,404.0,9 Ave & W 14 St,40.7405826,-74.00550867,16344,Subscriber,1989,1,start,25124,37.701109706993336,998.6182033479007,40.7416232,-73.9937353,2013-10-23 13:55:00
415,2013-10-24 17:18:10,2013-10-24 17:25:05,195,Liberty St & Broadway,40.70905623,-74.01043382,82.0,St James Pl & Pearl St,40.71117416,-74.00016545,20578,Subscriber,1959,1,start,4160,14.342589523484056,903.0633813191206,40.7091551,-74.0105431,2013-10-24 17:19:00
902,2013-10-24 17:19:41,2013-10-24 17:34:43,195,Liberty St & Broadway,40.70905623,-74.01043382,280.0,E 10 St & 5 Ave,40.73331967,-73.99510132,15406,Subscriber,1993,1,start,4160,14.342589523484056,2985.5238587704885,40.7091551,-74.0105431,2013-10-24 17:19:00
616,2013-10-29 12:18:44,2013-10-29 12:29:00,545,E 23 St & 1 Ave,40.736502,-73.97809472,229.0,Great Jones St,40.72743423,-73.99379025,15547,Subscriber,1962,1,end,16025,1590.6618520351265,72.57125131840478,40.7278664,-73.9931449,2013-10-29 12:30:00
283,2013-10-29 12:24:17,2013-10-29 12:29:00,229,Great Jones St,40.72743423,-73.99379025,382.0,University Pl & E 14 St,40.73492695,-73.99200509,17461,Subscriber,1989,1,start,16025,72.57125131840478,790.9510250612876,40.7278664,-73.9931449,2013-10-29 12:30:00
195,2013-10-29 18:49:33,2013-10-29 18:52:48,285,Broadway & E 14 St,40.73454567,-73.99074142,253.0,W 13 St & 5 Ave,40.73543934,-73.99453948,15159,Subscriber,1992,2,end,11613,291.56602938393854,99.9850186964182,40.7360047,-73.9936167,2013-10-29 18:50:00
118,2013-10-30 20:45:04,2013-10-30 20:47:02,229,Great Jones St,40.72743423,-73.99379025,293.0,Lafayette St & E 8 St,40.73028666,-73.9907647,20699,Subscriber,1986,1,start,16031,72.57125131840478,335.63745879991046,40.7278664,-73.9931449,2013-10-30 20:45:00
777,2013-10-30 20:45:48,2013-10-30 20:58:45,229,Great Jones St,40.72743423,-73.99379025,174.0,E 25 St & 1 Ave,40.7381765,-73.97738662,15576,Subscriber,1971,1,start,16031,72.57125131840478,1754.2231720224167,40.7278664,-73.9931449,2013-10-30 20:45:00
832,2013-11-02 11:36:54,2013-11-02 11:50:46,393,E 5 St & Avenue C,40.72299208,-73.97995466,402.0,Broadway & E 22 St,40.7403432,-73.98955109,16779,Subscriber,1971,1,start,16046,80.57072013940902,2062.52833384797,40.7235061,-73.9792808,2013-11-02 11:50:00
478,2013-11-02 11:42:34,2013-11-02 11:50:32,507,E 25 St & 2 Ave,40.73912601,-73.97973776,393.0,E 5 St & Avenue C,40.72299208,-73.97995466,18798,Subscriber,1992,1,end,16046,1737.2838861562323,80.57072013940902,40.7235061,-73.9792808,2013-11-02 11:50:00
1044,2013-11-02 14:32:52,2013-11-02 14:50:16,404,9 Ave & W 14 St,40.7405826,-74.00550867,422.0,W 59 St & 10 Ave,40.770513,-73.988038,18179,Subscriber,1985,1,start,11638,64.88993984349217,3688.642842137447,40.740023,-74.0052902,2013-11-02 14:50:00
1119,2013-11-06 19:16:32,2013-11-06 19:35:11,164,E 47 St & 2 Ave,40.75323098,-73.97032517,483.0,E 12 St & 3 Ave,40.73223272,-73.98889957,17646,Subscriber,1984,1,start,36608,87.02185843575984,2889.2761698867494,40.7536248,-73.9694324,2013-11-06 19:35:00
1007,2013-11-06 19:17:15,2013-11-06 19:34:02,164,E 47 St & 2 Ave,40.75323098,-73.97032517,507.0,E 25 St & 2 Ave,40.73912601,-73.97973776,15932,Subscriber,1984,1,start,36608,87.02185843575984,1831.0777496391934,40.7536248,-73.9694324,2013-11-06 19:35:00
514,2013-11-08 12:59:04,2013-11-08 13:07:38,435,W 21 St & 6 Ave,40.74173969,-73.99415556,336.0,Sullivan St & Washington Sq,40.73047747,-73.99906065,19699,Subscriber,1986,1,start,25243,79.18233038077265,1243.6338592468476,40.7410276,-73.9941612,2013-11-08 13:00:00
302,2013-11-08 13:00:21,2013-11-08 13:05:23,453,W 22 St & 8 Ave,40.74475148,-73.99915362,435.0,W 21 St & 6 Ave,40.74173969,-73.99415556,18581,Subscriber,1955,2,end,25243,590.2195680931377,79.18233038077265,40.7410276,-73.9941612,2013-11-08 13:00:00
229,2013-11-08 17:04:26,2013-11-08 17:08:15,328,Watts St & Greenwich St,40.72405549,-74.00965965,127.0,Barrow St & Hudson St,40.73172428,-74.00674436,18989,Subscriber,1976,1,end,11674,897.2332082869166,14.136084652764614,40.7317832,-74.0065957,2013-11-08 17:04:00
926,2013-11-08 18:43:56,2013-11-08 18:59:22,160,E 37 St & Lexington Ave,40.748238,-73.978311,439.0,E 4 St & 2 Ave,40.7262807,-73.98978041,15863,Subscriber,1972,1,end,16073,2700.8525772263815,77.99611538267494,40.7255825,-73.9898692,2013-11-08 19:00:00
401,2013-11-08 18:53:08,2013-11-08 18:59:49,403,E 2 St & 2 Ave,40.72502876,-73.99069656,432.0,E 7 St & Avenue A,40.72621788,-73.98379855,20222,Subscriber,1985,1,start,16073,93.0173018474715,516.4173911736943,40.7255825,-73.9898692,2013-11-08 19:00:00
522,2013-11-08 18:59:04,2013-11-08 19:07:46,346,Bank St & Hudson St,40.73652889,-74.00618026,403.0,E 2 St & 2 Ave,40.72502876,-73.99069656,16560,Subscriber,1982,1,end,16073,1835.891674615102,93.0173018474715,40.7255825,-73.9898692,2013-11-08 19:00:00
479,2013-11-15 15:41:36,2013-11-15 15:49:35,334,W 20 St & 7 Ave,40.74238787,-73.99726235,380.0,W 4 St & 7 Ave S,40.73401143,-74.00293877,17703,Subscriber,1964,2,end,11710,993.9218252941305,58.68868297511316,40.7343387,-74.0023923,2013-11-15 15:50:00
2380,2013-11-18 14:16:17,2013-11-18 14:55:57,450,W 49 St & 8 Ave,40.76227205,-73.98788205,285.0,Broadway & E 14 St,40.73454567,-73.99074142,20218,Subscriber,1985,1,end,25332,3100.091966638224,71.64349782481446,40.7344344,-73.9899039,2013-11-18 14:55:00
694,2013-11-18 14:55:51,2013-11-18 15:07:25,285,Broadway & E 14 St,40.73454567,-73.99074142,2004.0,6 Ave & Broome St,40.724399,-74.004704,17552,Subscriber,1955,2,start,25332,71.64349782481446,1673.4651190202383,40.7344344,-73.9899039,2013-11-18 14:55:00
222,2013-11-25 19:00:17,2013-11-25 19:03:59,512,W 29 St & 9 Ave,40.7500727,-73.99839279,453.0,W 22 St & 8 Ave,40.74475148,-73.99915362,20113,Subscriber,1979,1,end,20918,607.2948215943418,20.5300323965642,40.7446288,-73.9989715,2013-11-25 19:00:00
658,2013-11-30 20:32:34,2013-11-30 20:43:32,303,Mercer St & Spring St,40.72362738,-73.99949601,350.0,Clinton St & Grand St,40.71559509,-73.9870295,19016,Subscriber,1966,1,start,4503,88.55403936519618,1291.5994466838783,40.7230221,-73.9988131,2013-11-30 20:44:00
298,2013-12-03 16:40:24,2013-12-03 16:45:22,529,W 42 St & 8 Ave,40.7575699,-73.99098507,492.0,W 33 St & 7 Ave,40.75019995,-73.99093085,17632,Subscriber,1959,1,end,31146,732.1979328245916,91.67538230455956,40.7509908,-73.9906233,2013-12-03 16:45:00
657,2013-12-03 16:44:14,2013-12-03 16:55:11,538,W 49 St & 5 Ave,40.75795248,-73.97787642,492.0,W 33 St & 7 Ave,40.75019995,-73.99093085,15180,Subscriber,1970,2,end,31146,1323.652034400721,91.67538230455956,40.7509908,-73.9906233,2013-12-03 16:45:00
557,2013-12-03 16:44:38,2013-12-03 16:53:55,456,E 53 St & Madison Ave,40.7597108,-73.97402311,492.0,W 33 St & 7 Ave,40.75019995,-73.99093085,16499,Subscriber,1960,1,end,31146,1701.545423205844,91.67538230455956,40.7509908,-73.9906233,2013-12-03 16:45:00
396,2013-12-07 17:00:26,2013-12-07 17:07:02,410,Suffolk St & Stanton St,40.72066442,-73.98517977,439.0,E 4 St & 2 Ave,40.7262807,-73.98978041,19289,Subscriber,1990,1,start,13630,76.0827327470458,807.253419268961,40.7202352,-73.9844767,2013-12-07 17:00:00
761,2013-12-07 20:16:33,2013-12-07 20:29:14,507,E 25 St & 2 Ave,40.73912601,-73.97973776,290.0,2 Ave & E 58 St,40.76020258,-73.96478473,15935,Subscriber,1987,1,end,36896,2638.507757150371,24.447407792885148,40.7599831,-73.9648018,2013-12-07 20:30:00
396,2013-12-07 20:30:42,2013-12-07 20:37:18,290,2 Ave & E 58 St,40.76020258,-73.96478473,2017.0,E 43 St & 2 Ave,40.75022392,-73.97121414,17540,Subscriber,1969,1,start,36896,24.447407792885148,1212.1581961411775,40.7599831,-73.9648018,2013-12-07 20:30:00
327,2013-12-16 10:49:18,2013-12-16 10:54:45,505,6 Ave & W 33 St,40.74901271,-73.98848395,472.0,E 32 St & Park Ave,40.7457121,-73.98194829,17095,Subscriber,1986,1,end,31282,633.2532785747696,29.493102216497512,40.7457967,-73.9822801,2013-12-16 10:55:00
605,2013-12-18 11:00:36,2013-12-18 11:10:41,2004,6 Ave & Broome St,40.724399,-74.004704,151.0,Cleveland Pl & Spring St,40.7218158,-73.99720307,16646,Subscriber,1968,1,end,8975,773.2244131016197,88.95078693110689,40.7211721,-73.9965764,2013-12-18 11:00:00
