tripduration,starttime,stoptime,start station id,start station name,start station latitude,start station longitude,end station id,end station name,end station latitude,end station longitude,bikeid,usertype,birth year,gender,crash_match_type,matched_crash_id,dist_to_crash_start_m,dist_to_crash_end_m,CRASH_LATITUDE,CRASH_LONGITUDE,CRASH_DATETIME
361,2014-01-06 19:48:10,2014-01-06 19:54:11,427,State St,40.70251526,-74.01427023,330,Reade St & Broadway,40.71450451,-74.00562789,20272,Subscriber,1974,1,end,4758,1599.1276822659343,83.13994795876656,40.7152351,-74.0054181,2014-01-06 19:55:00
465,2014-01-06 19:55:36,2014-01-06 20:03:21,330,Reade St & Broadway,40.71450451,-74.00562789,251,Mott St & Prince St,40.72317958,-73.99480012,20272,Subscriber,1991,1,start,4758,83.13994795876656,1257.4268871911784,40.7152351,-74.0054181,2014-01-06 19:55:00
324,2014-01-25 16:09:48,2014-01-25 16:15:12,435,W 21 St & 6 Ave,40.74173969,-73.99415556,223,W 13 St & 7 Ave,40.73781509,-73.99994661,15955,Subscriber,1981,1,start,25806,79.18233038077265,604.3069378087858,40.7410276,-73.9941612,2014-01-25 16:16:00
716,2014-02-17 18:40:27,2014-02-17 18:52:23,482,W 15 St & 7 Ave,40.73935542,-73.99931783,229,Great Jones St,40.72743423,-73.99379025,19900,Subscriber,1979,1,end,16466,1339.1918511585225,91.56535793725419,40.7278198,-73.9947504,2014-02-17 18:40:00
521,2014-02-23 22:00:56,2014-02-23 22:09:37,449,W 52 St & 9 Ave,40.76461837,-73.98789473,488,W 39 St & 9 Ave,40.75645824,-73.99372222,14740,Subscriber,1974,1,start,44727,17.529126012333535,1037.7212158650188,40.7647362,-73.988033,2014-02-23 22:00:00
532,2014-02-26 09:06:21,2014-02-26 09:15:13,498,Broadway & W 32 St,40.74854862,-73.98808416,359,E 47 St & Park Ave,40.75510267,-73.97498696,18800,Subscriber,1984,1,end,44761,1309.7222315376027,37.253549190458756,40.7553005,-73.9753439,2014-02-26 09:15:00
534,2014-03-02 16:35:52,2014-03-02 16:44:46,491,E 24 St & Park Ave S,40.74096374,-73.98602213,435,W 21 St & 6 Ave,40.74173969,-73.99415556,18297,Subscriber,1977,2,start,26029,91.30388842463537,678.9139966315909,40.7401843,-73.986363,2014-03-02 16:45:00
445,2014-03-11 14:16:54,2014-03-11 14:24:19,379,W 31 St & 7 Ave,40.749156,-73.9916,537,Lexington Ave & E 24 St,40.74025878,-73.98409214,19604,Subscriber,1964,1,start,304485,34.697801101948144,1188.0636145284627,40.7491025,-73.9920058,2014-03-11 14:24:00
454,2014-03-11 14:23:22,2014-03-11 14:30:56,536,1 Ave & E 30 St,40.74144387,-73.97536082,379,W 31 St & 7 Ave,40.749156,-73.9916,18808,Subscriber,1975,1,end,304485,1640.5724997466507,34.697801101948144,40.7491025,-73.9920058,2014-03-11 14:24:00
356,2014-03-11 20:24:30,2014-03-11 20:30:26,236,St Marks Pl & 2 Ave,40.7284186,-73.98713956,401,Allen St & Rivington St,40.72019576,-73.98997825,16300,Subscriber,1986,1,start,304334,48.97678046457849,954.0892034432611,40.7285961,-73.9876715,2014-03-11 20:30:00
400,2014-03-21 18:30:05,2014-03-21 18:36:45,497,E 17 St & Broadway,40.73704984,-73.99009296,439,E 4 St & 2 Ave,40.7262807,-73.98978041,17931,Subscriber,1982,1,end,309233,1209.256321346574,31.422090602475212,40.7261864,-73.9894289,2014-03-21 18:30:00
345,2014-03-23 17:29:04,2014-03-23 17:34:49,297,E 15 St & 3 Ave,40.734232,-73.986923,537,Lexington Ave & E 24 St,40.74025878,-73.98409214,14885,Subscriber,1979,1,end,309682,615.1302202858488,99.54251514014965,40.7395116,-73.9847429,2014-03-23 17:35:00
324,2014-03-24 12:59:10,2014-03-24 13:04:34,340,Madison St & Clinton St,40.71269042,-73.98776323,296,Division St & Bowery,40.71413089,-73.9970468,21391,Subscriber,1990,1,end,310115,871.9265867782403,94.16242811755274,40.7137146,-73.9980197,2014-03-24 13:00:00
727,2014-03-24 12:59:15,2014-03-24 13:11:22,308,St James Pl & Oliver St,40.71307916,-73.99851193,428,E 3 St & 1 Ave,40.72467721,-73.98783413,16720,Subscriber,1976,1,start,310115,81.93716781329849,1490.9025452885492,40.7137146,-73.9980197,2014-03-24 13:00:00
513,2014-03-24 12:59:36,2014-03-24 13:08:09,264,Maiden Ln & Pearl St,40.70706456,-74.00731853,296,Division St & Bowery,40.71413089,-73.9970468,19891,Subscriber,1968,1,end,310115,1077.5410112632549,94.16242811755274,40.7137146,-73.9980197,2014-03-24 13:00:00
109,2014-03-25 21:14:22,2014-03-25 21:16:11,494,W 26 St & 8 Ave,40.74734825,-73.99723551,521,8 Ave & W 31 St,40.75044999,-73.99481051,18772,Subscriber,1984,1,end,311092,305.5396970730473,95.85582536441203,40.7496708,-73.9952973,2014-03-25 21:14:00
232,2014-03-27 18:11:33,2014-03-27 18:15:25,527,E 33 St & 1 Ave,40.74315566,-73.97434726,518,E 39 St & 2 Ave,40.74780373,-73.9734419,16891,Subscriber,1973,2,start,311580,99.3629517891688,447.0974154371271,40.7437832,-73.9735076,2014-03-27 18:15:00
1320,2014-04-02 19:38:13,2014-04-02 20:00:13,385,E 55 St & 2 Ave,40.75797322,-73.96603308,473,Rivington St & Chrystie St,40.72110063,-73.9919254,15200,Subscriber,1983,1,start,313991,17.79440913626721,4639.465595491767,40.7580073,-73.9662395,2014-04-02 20:00:00
371,2014-04-03 13:00:19,2014-04-03 13:06:30,357,E 11 St & Broadway,40.73261787,-73.99158043,168,W 18 St & 6 Ave,40.73971301,-73.99456405,17746,Subscriber,1971,2,end,314460,906.4123726842467,81.21129586506541,40.740443,-73.9945943,2014-04-03 13:00:00
496,2014-04-03 13:00:21,2014-04-03 13:08:37,526,E 33 St & 5 Ave,40.74765947,-73.98490707,168,W 18 St & 6 Ave,40.73971301,-73.99456405,21198,Subscriber,1984,1,end,314460,1144.5192685929621,81.21129586506541,40.740443,-73.9945943,2014-04-03 13:00:00
2060,2014-04-06 19:36:32,2014-04-06 20:10:52,380,W 4 St & 7 Ave S,40.73401143,-74.00293877,366,Clinton Ave & Myrtle Ave,40.693261,-73.968896,21419,Subscriber,1964,1,start,315940,43.98229360885354,5320.867029294642,40.7336333,-74.0027856,2014-04-06 20:10:00
300,2014-04-06 20:10:29,2014-04-06 20:15:29,463,9 Ave & W 16 St,40.74206539,-74.00443172,380,W 4 St & 7 Ave S,40.73401143,-74.00293877,21611,Subscriber,1973,1,end,315940,947.8089269422943,43.98229360885354,40.7336333,-74.0027856,2014-04-06 20:10:00
501,2014-04-11 14:59:30,2014-04-11 15:07:51,490,8 Ave & W 33 St,40.751551,-73.993934,546,E 30 St & Park Ave S,40.74444921,-73.98303529,16743,Subscriber,1954,1,start,319621,81.39424003003951,1229.9056144464175,40.7521904,-73.9934636,2014-04-11 15:00:00
713,2014-04-12 13:05:24,2014-04-12 13:17:17,446,W 24 St & 7 Ave,40.74487634,-73.99529885,2021,W 45 St & 8 Ave,40.75929124,-73.98859651,19182,Subscriber,1977,1,end,319619,1691.9581120419493,22.308255473879065,40.7591644,-73.9883913,2014-04-12 13:17:00
770,2014-04-14 08:36:39,2014-04-14 08:49:29,445,E 10 St & Avenue A,40.72740794,-73.98142006,164,E 47 St & 2 Ave,40.75323098,-73.97032517,20935,Subscriber,1979,1,end,320035,2929.3001849334482,94.75834871275411,40.7523789,-73.9703425,2014-04-14 08:50:00
1227,2014-04-14 08:49:20,2014-04-14 09:09:47,168,W 18 St & 6 Ave,40.73971301,-73.99456405,164,E 47 St & 2 Ave,40.75323098,-73.97032517,15715,Subscriber,1977,2,end,320035,2479.3391674108034,94.75834871275411,40.7523789,-73.9703425,2014-04-14 08:50:00
1561,2014-04-14 08:50:25,2014-04-14 09:16:26,164,E 47 St & 2 Ave,40.75323098,-73.97032517,386,Centre St & Worth St,40.71494807,-74.00234482,16652,Subscriber,1973,2,start,320035,94.75834871275411,4959.249950754566,40.7523789,-73.9703425,2014-04-14 08:50:00
863,2014-04-19 12:59:52,2014-04-19 13:14:15,237,E 11 St & 2 Ave,40.73047309,-73.98672378,306,Cliff St & Fulton St,40.70823502,-74.00530063,17594,Subscriber,1991,1,start,322296,91.60332193510742,3014.825209054096,40.7310195,-73.9859102,2014-04-19 13:15:00
1123,2014-04-21 13:20:46,2014-04-21 13:39:29,304,Broadway & Battery Pl,40.70463334,-74.01361706,293,Lafayette St & E 8 St,40.73028666,-73.9907647,19556,Subscriber,1971,1,end,323571,3406.2485465440163,45.54994638540597,40.7298782,-73.9907237,2014-04-21 13:40:00
1391,2014-04-21 13:39:18,2014-04-21 14:02:29,387,Centre St & Chambers St,40.71273266,-74.0046073,293,Lafayette St & E 8 St,40.73028666,-73.9907647,18544,Customer,\N,0,end,323571,2236.8946936123352,45.54994638540597,40.7298782,-73.9907237,2014-04-21 13:40:00
634,2014-04-25 16:44:17,2014-04-25 16:54:51,497,E 17 St & Broadway,40.73704984,-73.99009296,505,6 Ave & W 33 St,40.74901271,-73.98848395,17732,Subscriber,1959,1,end,325556,1342.505996582272,37.46447736642472,40.7490226,-73.9880394,2014-04-25 16:55:00
606,2014-04-25 16:44:29,2014-04-25 16:54:35,519,E 42 St & Vanderbilt Ave,40.752416,-73.97837,505,6 Ave & W 33 St,40.74901271,-73.98848395,17149,Subscriber,1991,1,end,325556,897.672455217453,37.46447736642472,40.7490226,-73.9880394,2014-04-25 16:55:00
742,2014-04-25 16:54:41,2014-04-25 17:07:03,522,E 51 St & Lexington Ave,40.75714758,-73.97207836,498,Broadway & W 32 St,40.74854862,-73.98808416,20300,Subscriber,1975,1,end,325556,1619.8139245685124,52.8389469618178,40.7490226,-73.9880394,2014-04-25 16:55:00
654,2014-04-26 15:04:06,2014-04-26 15:15:00,491,E 24 St & Park Ave S,40.74096374,-73.98602213,294,Washington Square E,40.73049393,-73.9957214,20094,Subscriber,1968,1,start,325535,91.30388842463537,1335.2108123409093,40.7401843,-73.986363,2014-04-26 15:15:00
734,2014-04-28 11:50:07,2014-04-28 12:02:21,128,MacDougal St & Prince St,40.72710258,-74.00297088,466,W 25 St & 6 Ave,40.74395411,-73.99144871,17788,Subscriber,1970,1,end,326510,2195.582753125641,94.2497638767843,40.7448014,-73.9914181,2014-04-28 11:50:00
1041,2014-05-01 19:20:03,2014-05-01 19:37:24,376,John St & William St,40.70862144,-74.00722156,243,Fulton St & Rockwell Pl,40.687979,-73.978474,18211,Subscriber,1983,1,end,328961,3354.0072313044957,16.111842089066943,40.6878706,-73.9783472,2014-05-01 19:20:00
2151,2014-05-02 17:53:45,2014-05-02 18:29:36,362,Broadway & W 37 St,40.75172632,-73.98753523,372,Franklin Ave & Myrtle Ave,40.694528,-73.958089,15120,Subscriber,1976,1,start,329243,35.44678279607575,6798.665837709764,40.7514187,-73.9876456,2014-05-02 18:30:00
602,2014-05-02 18:19:50,2014-05-02 18:29:52,362,Broadway & W 37 St,40.75172632,-73.98753523,537,Lexington Ave & E 24 St,40.74025878,-73.98409214,14886,Subscriber,1991,2,start,329243,35.44678279607575,1276.5246584639665,40.7514187,-73.9876456,2014-05-02 18:30:00
532,2014-05-02 18:21:36,2014-05-02 18:30:28,267,Broadway & W 36 St,40.75097711,-73.98765428,318,E 43 St & Vanderbilt Ave,40.75320159,-73.9779874,21118,Subscriber,1951,1,start,329243,49.108078950657124,837.3608446808087,40.7514187,-73.9876456,2014-05-02 18:30:00
415,2014-05-02 18:22:39,2014-05-02 18:29:34,448,W 37 St & 10 Ave,40.75660359,-73.9979009,362,Broadway & W 37 St,40.75172632,-73.98753523,18058,Subscriber,1973,1,end,329243,1038.5527401028355,35.44678279607575,40.7514187,-73.9876456,2014-05-02 18:30:00
622,2014-05-02 18:30:33,2014-05-02 18:40:55,362,Broadway & W 37 St,40.75172632,-73.98753523,453,W 22 St & 8 Ave,40.74475148,-73.99915362,18058,Subscriber,1957,2,start,329243,35.44678279607575,1220.4185439740415,40.7514187,-73.9876456,2014-05-02 18:30:00
631,2014-05-03 09:18:42,2014-05-03 09:29:13,426,West St & Chambers St,40.71754834,-74.01322069,195,Liberty St & Broadway,40.70905623,-74.01043382,19836,Subscriber,1969,2,start,329178,51.073422659073586,925.7879778562494,40.7171751,-74.0128675,2014-05-03 09:30:00
1411,2014-05-03 12:00:47,2014-05-03 12:24:18,345,W 13 St & 6 Ave,40.73649403,-73.99704374,296,Division St & Bowery,40.71413089,-73.9970468,18253,Subscriber,1984,1,start,329716,82.04325375107265,2436.4695932598447,40.736035,-73.9978061,2014-05-03 12:25:00
351,2014-05-03 12:19:03,2014-05-03 12:24:54,254,W 11 St & 6 Ave,40.73532427,-73.99800419,237,E 11 St & 2 Ave,40.73047309,-73.98672378,21377,Subscriber,1983,1,start,329716,80.77284800965506,1120.0169142187112,40.736035,-73.9978061,2014-05-03 12:25:00
235,2014-05-03 12:20:39,2014-05-03 12:24:34,254,W 11 St & 6 Ave,40.73532427,-73.99800419,357,E 11 St & Broadway,40.73261787,-73.99158043,16541,Subscriber,1975,1,start,329716,80.77284800965506,647.7169903921798,40.736035,-73.9978061,2014-05-03 12:25:00
1929,2014-05-03 12:24:47,2014-05-03 12:56:56,301,E 2 St & Avenue B,40.72217444,-73.98368779,254,W 11 St & 6 Ave,40.73532427,-73.99800419,15723,Subscriber,1966,1,end,329716,1946.9668902142034,80.77284800965506,40.736035,-73.9978061,2014-05-03 12:25:00
839,2014-05-05 21:35:48,2014-05-05 21:49:47,438,St Marks Pl & 1 Ave,40.72779126,-73.98564945,236,St Marks Pl & 2 Ave,40.7284186,-73.98713956,17053,Subscriber,1982,1,end,330700,205.50176902385292,85.85189359635325,40.7291862,-73.9872492,2014-05-05 21:50:00
567,2014-05-07 16:11:00,2014-05-07 16:20:27,474,5 Ave & E 29 St,40.7451677,-73.98683077,521,8 Ave & W 31 St,40.75044999,-73.99481051,19193,Customer,\N,0,end,331319,883.4106653344226,17.564385822006415,40.7502939,-73.9948425,2014-05-07 16:20:00
313,2014-05-07 16:15:43,2014-05-07 16:20:56,458,11 Ave & W 27 St,40.751396,-74.005226,521,8 Ave & W 31 St,40.75044999,-73.99481051,19112,Subscriber,1978,1,end,331319,883.2122181882748,17.564385822006415,40.7502939,-73.9948425,2014-05-07 16:20:00
1501,2014-05-07 16:19:20,2014-05-07 16:44:21,521,8 Ave & W 31 St,40.75044999,-73.99481051,513,W 56 St & 10 Ave,40.768254,-73.988639,15106,Subscriber,1980,2,start,331319,17.564385822006415,2064.293590897778,40.7502939,-73.9948425,2014-05-07 16:20:00
1558,2014-05-07 16:20:24,2014-05-07 16:46:22,521,8 Ave & W 31 St,40.75044999,-73.99481051,422,W 59 St & 10 Ave,40.770513,-73.988038,16040,Subscriber,1968,1,start,331319,17.564385822006415,2320.159829880259,40.7502939,-73.9948425,2014-05-07 16:20:00
357,2014-05-12 09:45:40,2014-05-12 09:51:37,518,E 39 St & 2 Ave,40.74780373,-73.9734419,545,E 23 St & 1 Ave,40.736502,-73.97809472,21586,Subscriber,1968,1,end,334365,1296.5544358110697,46.69404735540726,40.7367906,-73.9784973,2014-05-12 09:52:00
831,2014-05-12 12:16:14,2014-05-12 12:30:05,522,E 51 St & Lexington Ave,40.75714758,-73.97207836,362,Broadway & W 37 St,40.75172632,-73.98753523,19276,Subscriber,1959,1,end,333740,1411.6804387646607,48.33877452768538,40.7521597,-73.9874902,2014-05-12 12:30:00
918,2014-05-12 12:29:32,2014-05-12 12:44:50,362,Broadway & W 37 St,40.75172632,-73.98753523,326,E 11 St & 1 Ave,40.72953837,-73.98426726,17848,Customer,\N,0,start,333740,48.33877452768538,2529.993674839014,40.7521597,-73.9874902,2014-05-12 12:30:00
265,2014-05-12 12:30:37,2014-05-12 12:35:02,362,Broadway & W 37 St,40.75172632,-73.98753523,490,8 Ave & W 33 St,40.751551,-73.993934,19276,Subscriber,1993,1,start,333740,48.33877452768538,546.9981725441376,40.7521597,-73.9874902,2014-05-12 12:30:00
963,2014-05-12 14:43:53,2014-05-12 14:59:56,267,Broadway & W 36 St,40.75097711,-73.98765428,212,W 16 St & The High Line,40.74334935,-74.00681753,18955,Subscriber,1976,1,end,333734,1848.4517253219606,37.41790986438361,40.7434703,-74.007232,2014-05-12 15:00:00
1088,2014-05-12 16:22:47,2014-05-12 16:40:55,465,Broadway & W 41 St,40.75513557,-73.98658032,250,Lafayette St & Jersey St,40.72456089,-73.99565293,20231,Subscriber,1981,1,end,333709,3428.881610148918,76.24536146355008,40.7249516,-73.9949094,2014-05-12 16:40:00
302,2014-05-13 15:25:55,2014-05-13 15:30:57,497,E 17 St & Broadway,40.73704984,-73.99009296,461,E 20 St & 2 Ave,40.73587678,-73.98205027,14673,Subscriber,1991,1,end,334380,696.9271861777291,82.49915508963892,40.7366018,-73.9818424,2014-05-13 15:30:00
722,2014-05-14 14:28:06,2014-05-14 14:40:08,466,W 25 St & 6 Ave,40.74395411,-73.99144871,477,W 41 St & 8 Ave,40.75640548,-73.9900262,16578,Subscriber,1972,1,end,334901,1335.323449144547,77.75484380960445,40.7559505,-73.9907272,2014-05-14 14:40:00
403,2014-05-14 14:33:02,2014-05-14 14:39:45,477,W 41 St & 8 Ave,40.75640548,-73.9900262,447,8 Ave & W 52 St,40.76370739,-73.9851615,18691,Subscriber,1985,1,start,334901,77.75484380960445,981.6828051500997,40.7559505,-73.9907272,2014-05-14 14:40:00
518,2014-05-14 14:39:13,2014-05-14 14:47:51,379,W 31 St & 7 Ave,40.749156,-73.9916,477,W 41 St & 8 Ave,40.75640548,-73.9900262,15995,Subscriber,1970,1,end,334901,759.0836681055016,77.75484380960445,40.7559505,-73.9907272,2014-05-14 14:40:00
997,2014-05-14 16:24:02,2014-05-14 16:40:39,467,Dean St & 4 Ave,40.68312489,-73.97895137,322,Clinton St & Tillary St,40.696192,-73.991218,19697,Subscriber,1964,1,start,335740,19.719705381715368,1771.8745910941307,40.6831278,-73.9791852,2014-05-14 16:25:00
203,2014-05-15 17:20:59,2014-05-15 17:24:22,326,E 11 St & 1 Ave,40.72953837,-73.98426726,432,E 7 St & Avenue A,40.72621788,-73.98379855,18122,Subscriber,1985,1,start,335975,86.70490503825576,288.59732374157966,40.7287686,-73.9844314,2014-05-15 17:20:00
815,2014-05-17 10:30:46,2014-05-17 10:44:21,279,Sands St & Gold St,40.69986937,-73.98271933,412,Forsyth St & Canal St,40.7158155,-73.99422366,18157,Subscriber,1965,2,end,336434,1943.244559241234,86.05230854781286,40.7153558,-73.9934023,2014-05-17 10:30:00
1041,2014-05-17 12:19:15,2014-05-17 12:36:36,414,Pearl St & Anchorage Pl,40.70281858,-73.98765762,274,Lafayette Ave & Fort Greene Pl,40.68691865,-73.976682,18959,Subscriber,1982,1,end,336733,2004.0849760619303,41.85894323707007,40.6870248,-73.9762057,2014-05-17 12:20:00
1025,2014-05-17 12:19:33,2014-05-17 12:36:38,414,Pearl St & Anchorage Pl,40.70281858,-73.98765762,274,Lafayette Ave & Fort Greene Pl,40.68691865,-73.976682,15745,Subscriber,1982,2,end,336733,2004.0849760619303,41.85894323707007,40.6870248,-73.9762057,2014-05-17 12:20:00
550,2014-05-19 14:09:54,2014-05-19 14:19:04,444,Broadway & W 24 St,40.7423543,-73.98915076,236,St Marks Pl & 2 Ave,40.7284186,-73.98713956,20655,Subscriber,1957,1,end,337565,1472.967383819906,85.85189359635325,40.7291862,-73.9872492,2014-05-19 14:20:00
71,2014-05-19 14:20:27,2014-05-19 14:21:38,236,St Marks Pl & 2 Ave,40.7284186,-73.98713956,236,St Marks Pl & 2 Ave,40.7284186,-73.98713956,17033,Subscriber,1954,1,both,337565,85.85189359635325,85.85189359635325,40.7291862,-73.9872492,2014-05-19 14:20:00
546,2014-05-20 09:14:44,2014-05-20 09:23:50,2012,E 27 St & 1 Ave,40.739445,-73.976806,2017,E 43 St & 2 Ave,40.75022392,-73.97121414,18880,Subscriber,1958,2,end,338123,1217.5174341323748,94.3738199278745,40.749824,-73.9722023,2014-05-20 09:15:00
577,2014-05-20 17:07:41,2014-05-20 17:17:18,498,Broadway & W 32 St,40.74854862,-73.98808416,285,Broadway & E 14 St,40.73454567,-73.99074142,14875,Subscriber,1978,1,end,338104,1576.902088820286,71.64349782481446,40.7344344,-73.9899039,2014-05-20 17:18:00
488,2014-05-20 17:17:24,2014-05-20 17:25:32,285,Broadway & E 14 St,40.73454567,-73.99074142,445,E 10 St & Avenue A,40.72740794,-73.98142006,14875,Subscriber,1982,1,start,338104,71.64349782481446,1058.9949054581605,40.7344344,-73.9899039,2014-05-20 17:18:00
1390,2014-05-20 17:17:42,2014-05-20 17:40:52,376,John St & William St,40.70862144,-74.00722156,285,Broadway & E 14 St,40.73454567,-73.99074142,20323,Subscriber,1967,1,end,338104,3219.9973229946904,71.64349782481446,40.7344344,-73.9899039,2014-05-20 17:18:00
1051,2014-05-21 09:12:40,2014-05-21 09:30:11,514,12 Ave & W 40 St,40.76087502,-74.00277668,464,E 56 St & 3 Ave,40.75934501,-73.96759673,15077,Subscriber,1972,1,end,338741,2896.5103391994594,86.47040900477276,40.7589494,-73.9684806,2014-05-21 09:30:00
533,2014-05-21 09:21:47,2014-05-21 09:30:40,464,E 56 St & 3 Ave,40.75934501,-73.96759673,457,Broadway & W 58 St,40.76695317,-73.98169333,16183,Subscriber,1989,1,start,338741,86.47040900477276,1424.909424748029,40.7589494,-73.9684806,2014-05-21 09:30:00
730,2014-05-21 09:29:20,2014-05-21 09:41:30,464,E 56 St & 3 Ave,40.75934501,-73.96759673,480,W 53 St & 10 Ave,40.76669671,-73.99061728,18550,Subscriber,1983,1,start,338741,86.47040900477276,2053.7835310789105,40.7589494,-73.9684806,2014-05-21 09:30:00
244,2014-05-21 20:44:52,2014-05-21 20:48:56,270,Adelphi St & Myrtle Ave,40.69308257,-73.97178913,399,Lafayette Ave & St James Pl,40.68851534,-73.9647628,14683,Subscriber,1997,1,end,338992,739.3988207631758,95.39731848949589,40.6882107,-73.9658205,2014-05-21 20:45:00
1215,2014-05-22 09:44:30,2014-05-22 10:04:45,406,Hicks St & Montague St,40.69512845,-73.99595065,312,Allen St & E Houston St,40.722055,-73.989111,18379,Subscriber,1964,1,end,339189,3003.9025316304987,45.752037434540455,40.7216438,-73.9891302,2014-05-22 09:45:00
803,2014-05-22 19:44:43,2014-05-22 19:58:06,174,E 25 St & 1 Ave,40.7381765,-73.97738662,446,W 24 St & 7 Ave,40.74487634,-73.99529885,17702,Subscriber,1955,1,end,340257,1664.951002134075,75.14616540891588,40.7453835,-73.9947093,2014-05-22 19:45:00
387,2014-05-27 16:14:37,2014-05-27 16:21:04,470,W 20 St & 8 Ave,40.74345335,-74.00004031,503,E 20 St & Park Ave,40.73827428,-73.98751968,15709,Subscriber,1959,1,start,342094,80.73828230597309,1188.3496687290344,40.7440085,-73.9994226,2014-05-27 16:15:00
1209,2014-05-27 16:14:38,2014-05-27 16:34:47,290,2 Ave & E 58 St,40.76020258,-73.96478473,453,W 22 St & 8 Ave,40.74475148,-73.99915362,15803,Subscriber,1954,1,end,342094,3428.6424730919184,85.66701950933957,40.7440085,-73.9994226,2014-05-27 16:15:00
300,2014-05-27 16:14:48,2014-05-27 16:19:48,402,Broadway & E 22 St,40.7403432,-73.98955109,453,W 22 St & 8 Ave,40.74475148,-73.99915362,21642,Subscriber,1978,1,end,342094,926.1469526439149,85.66701950933957,40.7440085,-73.9994226,2014-05-27 16:15:00
1953,2014-05-29 15:33:19,2014-05-29 16:05:52,348,W Broadway & Spring St,40.72490985,-74.00154702,485,W 37 St & 5 Ave,40.75038009,-73.98338988,17900,Subscriber,1975,2,end,343181,3145.56811548584,75.4471473029888,40.7497247,-73.9836217,2014-05-29 16:05:00
263,2014-05-29 16:00:57,2014-05-29 16:05:20,519,E 42 St & Vanderbilt Ave,40.752416,-73.97837,485,W 37 St & 5 Ave,40.75038009,-73.98338988,21135,Subscriber,1979,1,end,343181,534.0962625744697,75.4471473029888,40.7497247,-73.9836217,2014-05-29 16:05:00
771,2014-05-30 12:37:26,2014-05-30 12:50:17,293,Lafayette St & E 8 St,40.73028666,-73.9907647,463,9 Ave & W 16 St,40.74206539,-74.00443172,19104,Subscriber,1982,1,start,343155,38.88347135143326,1748.0794408237014,40.7300319,-73.9910808,2014-05-30 12:50:00
594,2014-05-31 16:49:41,2014-05-31 16:59:35,528,2 Ave & E 31 St,40.74290902,-73.97706058,441,E 52 St & 2 Ave,40.756014,-73.967416,16576,Subscriber,1990,1,end,343724,1592.3379868431134,78.84212109423673,40.7555046,-73.9680671,2014-05-31 17:00:00
568,2014-06-06 12:35:34,2014-06-06 12:45:02,417,Barclay St & Church St,40.71291224,-74.01020234,263,Elizabeth St & Hester St,40.71729,-73.996375,18956,Subscriber,1981,1,end,347020,1280.0970424547227,34.22528546739981,40.7175957,-73.9963277,2014-06-06 12:45:00
578,2014-06-06 18:58:35,2014-06-06 19:08:13,345,W 13 St & 6 Ave,40.73649403,-73.99704374,300,Shevchenko Pl & E 7 St,40.728145,-73.990214,16134,Subscriber,1945,1,start,348052,97.9011622314438,1166.919278744885,40.7373607,-73.996839,2014-06-06 19:09:00
390,2014-06-07 11:41:10,2014-06-07 11:47:40,164,E 47 St & 2 Ave,40.75323098,-73.97032517,540,Lexington Ave & E 26 St,40.74147286,-73.98320928,15073,Subscriber,1989,1,start,348097,94.75834871275411,1626.502126895668,40.7523789,-73.9703425,2014-06-07 11:47:00
552,2014-06-13 23:11:10,2014-06-13 23:20:22,410,Suffolk St & Stanton St,40.72066442,-73.98517977,161,LaGuardia Pl & W 3 St,40.72917025,-73.99810231,14840,Subscriber,1961,1,start,351192,76.0827327470458,1518.3962080729193,40.7202352,-73.9844767,2014-06-13 23:20:00
3755,2014-06-15 17:50:58,2014-06-15 18:53:33,281,Grand Army Plaza & Central Park S,40.7643971,-73.97371465,327,Vesey Pl & River Terrace,40.7153379,-74.01658354,18404,Customer,\N,0,start,352270,60.32578565339578,6564.12062337779,40.7642781,-73.9730158,2014-06-15 17:50:00
2364,2014-06-15 18:36:23,2014-06-15 19:15:47,432,E 7 St & Avenue A,40.72621788,-73.98379855,530,11 Ave & W 59 St,40.771522,-73.990541,20953,Subscriber,1974,1,start,351730,84.03023671628425,5150.4487993759285,40.7254721,-73.9839596,2014-06-15 19:16:00
1478,2014-06-15 19:15:53,2014-06-15 19:40:31,2002,Wythe Ave & Metropolitan Ave,40.716887,-73.963198,432,E 7 St & Avenue A,40.72621788,-73.98379855,20784,Customer,\N,0,end,351730,1993.143701184225,84.03023671628425,40.7254721,-73.9839596,2014-06-15 19:16:00
603,2014-06-17 19:39:37,2014-06-17 19:49:40,490,8 Ave & W 33 St,40.751551,-73.993934,168,W 18 St & 6 Ave,40.73971301,-73.99456405,16695,Subscriber,1987,1,end,353407,1303.0543109875532,41.52378407473548,40.7398611,-73.9950165,2014-06-17 19:40:00
576,2014-06-18 08:50:38,2014-06-18 09:00:14,468,Broadway & W 55 St,40.7652654,-73.98192338,440,E 45 St & 3 Ave,40.75255434,-73.97282625,20716,Subscriber,1988,2,end,353429,1630.2222924537905,78.95403945217849,40.7520641,-73.9735043,2014-06-18 09:00:00
249,2014-06-18 08:56:43,2014-06-18 09:00:52,517,E 41 St & Madison Ave,40.752141,-73.979782,440,E 45 St & 3 Ave,40.75255434,-73.97282625,18586,Subscriber,1961,1,end,353429,528.8701584027029,78.95403945217849,40.7520641,-73.9735043,2014-06-18 09:00:00
488,2014-06-18 08:59:51,2014-06-18 09:07:59,440,E 45 St & 3 Ave,40.75255434,-73.97282625,474,5 Ave & E 29 St,40.7451677,-73.98683077,18609,Subscriber,1969,1,start,353429,78.95403945217849,1359.5255847916956,40.7520641,-73.9735043,2014-06-18 09:00:00
485,2014-06-18 19:47:04,2014-06-18 19:55:09,521,8 Ave & W 31 St,40.75044999,-73.99481051,2021,W 45 St & 8 Ave,40.75929124,-73.98859651,16427,Subscriber,1985,1,end,354604,1189.5252199462304,79.1919048484169,40.7597902,-73.9879256,2014-06-18 19:55:00
388,2014-06-18 19:47:38,2014-06-18 19:54:06,318,E 43 St & Vanderbilt Ave,40.75320159,-73.9779874,2021,W 45 St & 8 Ave,40.75929124,-73.98859651,21672,Subscriber,1985,1,end,354604,1112.406735026263,79.1919048484169,40.7597902,-73.9879256,2014-06-18 19:55:00
308,2014-06-18 19:49:26,2014-06-18 19:54:34,2021,W 45 St & 8 Ave,40.75929124,-73.98859651,508,W 46 St & 11 Ave,40.76341379,-73.99667444,17805,Subscriber,1982,1,start,354604,79.1919048484169,839.8210740444639,40.7597902,-73.9879256,2014-06-18 19:55:00
1085,2014-06-19 14:59:03,2014-06-19 15:17:08,72,W 52 St & 11 Ave,40.76727216,-73.99392888,164,E 47 St & 2 Ave,40.75323098,-73.97032517,16607,Subscriber,1969,1,start,354014,23.544250739619578,2504.309375818168,40.7671328,-73.9937184,2014-06-19 15:00:00
213,2014-06-20 13:10:10,2014-06-20 13:13:43,497,E 17 St & Broadway,40.73704984,-73.99009296,297,E 15 St & 3 Ave,40.734232,-73.986923,15692,Subscriber,1969,2,end,355154,424.2847625338827,73.64824775028384,40.7346179,-73.9862126,2014-06-20 13:10:00
536,2014-06-20 17:47:33,2014-06-20 17:56:29,271,Ashland Pl & Hanson Pl,40.68528172,-73.97805813,279,Peck Slip & Front Street,40.707873,-74.00167,20907,Subscriber,1961,1,start,355386,99.43277257863988,3263.689881361614,40.6844232,-73.978388,2014-06-20 17:56:00
223,2014-06-20 17:51:17,2014-06-20 17:55:00,420,Clermont Ave & Lafayette Ave,40.68764484,-73.96968902,271,Ashland Pl & Hanson Pl,40.68528172,-73.97805813,20553,Subscriber,1982,1,end,355386,816.2897875900142,99.43277257863988,40.6844232,-73.978388,2014-06-20 17:56:00
527,2014-06-20 20:41:36,2014-06-20 20:50:23,229,Great Jones St,40.72743423,-73.99379025,377,6 Ave & Canal St,40.72243797,-74.00566443,18080,Subscriber,1980,1,start,354555,20.46613061547187,1148.03768361384,40.7272901,-73.9936392,2014-06-20 20:50:00
1539,2014-06-20 20:50:14,2014-06-20 21:15:53,229,Great Jones St,40.72743423,-73.99379025,482,W 15 St & 7 Ave,40.73935542,-73.99931783,17289,Subscriber,1980,2,start,354555,20.46613061547187,1424.3731345227845,40.7272901,-73.9936392,2014-06-20 20:50:00
598,2014-06-20 20:50:16,2014-06-20 21:00:14,507,E 25 St & 2 Ave,40.73912601,-73.97973776,229,Great Jones St,40.72743423,-73.99379025,16210,Subscriber,1962,1,end,354555,1761.8434311866356,20.46613061547187,40.7272901,-73.9936392,2014-06-20 20:50:00
762,2014-06-23 15:29:52,2014-06-23 15:42:34,393,E 5 St & Avenue C,40.72299208,-73.97995466,285,Broadway & E 14 St,40.73454567,-73.99074142,21432,Subscriber,1937,1,end,361323,1523.7068690535823,71.64349782481446,40.7344344,-73.9899039,2014-06-23 15:30:00
342,2014-06-23 15:30:31,2014-06-23 15:36:13,168,W 18 St & 6 Ave,40.73971301,-73.99456405,285,Broadway & E 14 St,40.73454567,-73.99074142,21034,Subscriber,1982,2,end,361323,706.1724254988746,71.64349782481446,40.7344344,-73.9899039,2014-06-23 15:30:00
535,2014-06-24 18:37:25,2014-06-24 18:46:20,285,Broadway & E 14 St,40.73454567,-73.99074142,432,E 7 St & Avenue A,40.72621788,-73.98379855,15032,Customer,\N,0,end,356701,1159.5316613141472,84.03023671628425,40.7254721,-73.9839596,2014-06-24 18:46:00
277,2014-06-24 18:50:17,2014-06-24 18:54:54,242,Flushing Ave & Carlton Ave,40.69788349,-73.97350332,366,Clinton Ave & Myrtle Ave,40.693261,-73.968896,18818,Subscriber,1974,1,end,357067,612.2343814082133,80.1414501764855,40.6931332,-73.9698315,2014-06-24 18:51:00
1744,2014-06-25 16:58:43,2014-06-25 17:27:47,330,Reade St & Broadway,40.71450451,-74.00562789,72,W 52 St & 11 Ave,40.76727216,-73.99392888,20944,Subscriber,1967,1,start,357285,68.73124274751407,5996.702666262442,40.7141646,-74.006309,2014-06-25 17:28:00
1922,2014-06-25 17:28:27,2014-06-25 18:00:29,116,W 17 St & 8 Ave,40.74177603,-74.00149746,330,Reade St & Broadway,40.71450451,-74.00562789,18385,Subscriber,1967,1,end,357285,3096.910325493877,68.73124274751407,40.7141646,-74.006309,2014-06-25 17:28:00
180,2014-06-26 20:06:51,2014-06-26 20:09:51,539,Metropolitan Ave & Bedford Ave,40.71534825,-73.96024116,460,S 4 St & Wythe Ave,40.71285887,-73.96590294,15365,Subscriber,1990,1,start,359302,17.045129331695936,535.1301117045201,40.7153053,-73.9604353,2014-06-26 20:10:00
317,2014-06-26 20:09:16,2014-06-26 20:14:33,539,Metropolitan Ave & Bedford Ave,40.71534825,-73.96024116,389,Broadway & Berry St,40.71044554,-73.96525063,19080,Subscriber,1979,1,start,359302,17.045129331695936,675.819920034627,40.7153053,-73.9604353,2014-06-26 20:10:00
388,2014-06-26 22:54:22,2014-06-26 23:00:50,482,W 15 St & 7 Ave,40.73935542,-73.99931783,494,W 26 St & 8 Ave,40.74734825,-73.99723551,15487,Subscriber,1977,1,start,358461,77.55956421084242,839.6490692051094,40.7398804,-73.9987117,2014-06-26 22:54:00
667,2014-06-26 22:54:39,2014-06-26 23:05:46,482,W 15 St & 7 Ave,40.73935542,-73.99931783,488,W 39 St & 9 Ave,40.75645824,-73.99372222,15853,Subscriber,1971,1,start,358461,77.55956421084242,1890.6854687984503,40.7398804,-73.9987117,2014-06-26 22:54:00
219,2014-06-30 11:34:26,2014-06-30 11:38:05,446,W 24 St & 7 Ave,40.74487634,-73.99529885,434,9 Ave & W 18 St,40.74317449,-74.00366443,15611,Subscriber,1988,1,start,359552,75.14616540891588,793.4028935711617,40.7453835,-73.9947093,2014-06-30 11:35:00
277,2014-06-30 11:35:04,2014-06-30 11:39:41,388,W 26 St & 10 Ave,40.749717753,-74.002950346,446,W 24 St & 7 Ave,40.74487634,-73.99529885,14982,Subscriber,1983,1,end,359552,845.1211334899285,75.14616540891588,40.7453835,-73.9947093,2014-06-30 11:35:00
284,2014-06-30 11:35:07,2014-06-30 11:39:51,446,W 24 St & 7 Ave,40.74487634,-73.99529885,482,W 15 St & 7 Ave,40.73935542,-73.99931783,19116,Subscriber,1989,2,start,359552,75.14616540891588,774.6191909873501,40.7453835,-73.9947093,2014-06-30 11:35:00
633,2014-06-30 19:59:54,2014-06-30 20:10:27,509,9 Ave & W 22 St,40.7454973,-74.00197139,368,Carmine St & 6 Ave,40.73038599,-74.00214988,15334,Subscriber,1985,1,end,360072,1687.8037560084322,27.691754221575486,40.7303232,-74.0024679,2014-06-30 20:10:00
460,2014-07-02 10:19:13,2014-07-02 10:26:53,536,1 Ave & E 30 St,40.74144387,-73.97536082,237,E 11 St & 2 Ave,40.73047309,-73.98672378,14709,Subscriber,1987,1,start,360746,96.25849207544225,1458.287151847882,40.7406437,-73.9757968,2014-07-02 10:20:00
571,2014-07-02 10:19:30,2014-07-02 10:29:01,536,1 Ave & E 30 St,40.74144387,-73.97536082,526,E 33 St & 5 Ave,40.74765947,-73.98490707,21441,Customer,\N,0,start,360746,96.25849207544225,1094.3640334227669,40.7406437,-73.9757968,2014-07-02 10:20:00
522,2014-07-02 10:19:59,2014-07-02 10:28:41,536,1 Ave & E 30 St,40.74144387,-73.97536082,526,E 33 St & 5 Ave,40.74765947,-73.98490707,19309,Customer,\N,0,start,360746,96.25849207544225,1094.3640334227669,40.7406437,-73.9757968,2014-07-02 10:20:00
936,2014-07-03 14:32:45,2014-07-03 14:48:21,305,E 58 St & 3 Ave,40.76095756,-73.96724467,496,E 16 St & 5 Ave,40.73726186,-73.99238967,18357,Subscriber,1986,1,start,361345,21.709247438141468,3389.396274414748,40.7609059,-73.9669961,2014-07-03 14:48:00
683,2014-07-03 14:35:49,2014-07-03 14:47:12,305,E 58 St & 3 Ave,40.76095756,-73.96724467,498,Broadway & W 32 St,40.74854862,-73.98808416,16294,Subscriber,1968,1,start,361345,21.709247438141468,2245.7142397814646,40.7609059,-73.9669961,2014-07-03 14:48:00
1054,2014-07-04 10:41:27,2014-07-04 10:59:01,379,W 31 St & 7 Ave,40.749156,-73.9916,505,6 Ave & W 33 St,40.74901271,-73.98848395,15600,Subscriber,1963,1,end,362309,253.40526517729685,58.95331825433547,40.7485121,-73.9887144,2014-07-04 11:00:00
352,2014-07-04 11:00:43,2014-07-04 11:06:35,505,6 Ave & W 33 St,40.74901271,-73.98848395,362,Broadway & W 37 St,40.75172632,-73.98753523,18239,Subscriber,1962,1,start,362309,58.95331825433547,370.95166223475604,40.7485121,-73.9887144,2014-07-04 11:00:00
232,2014-07-04 11:00:44,2014-07-04 11:04:36,465,Broadway & W 41 St,40.75513557,-73.98658032,505,6 Ave & W 33 St,40.74901271,-73.98848395,20137,Subscriber,1972,1,end,362309,758.1184361508331,58.95331825433547,40.7485121,-73.9887144,2014-07-04 11:00:00
387,2014-07-04 20:29:28,2014-07-04 20:35:55,504,1 Ave & E 15 St,40.73221853,-73.98165557,317,E 6 St & Avenue B,40.72453734,-73.98185424,20333,Subscriber,1989,1,end,361894,927.6168631608837,75.33233319044015,40.7238826,-73.9820839,2014-07-04 20:30:00
757,2014-07-07 19:58:12,2014-07-07 20:10:49,318,E 43 St & Vanderbilt Ave,40.75320159,-73.9779874,476,E 31 St & 3 Ave,40.74394314,-73.97966069,15334,Subscriber,1990,2,start,428707,93.01713910052764,948.0454399940954,40.7524109,-73.9783479,2014-07-07 20:10:00
564,2014-07-07 20:01:34,2014-07-07 20:10:58,519,E 42 St & Vanderbilt Ave,40.752416,-73.97837,435,W 21 St & 6 Ave,40.74173969,-73.99415556,21594,Subscriber,1978,1,start,428707,1.9460424089039028,1783.6185063718867,40.7524109,-73.9783479,2014-07-07 20:10:00
1559,2014-07-07 20:09:14,2014-07-07 20:35:13,388,W 26 St & 10 Ave,40.749717753,-74.002950346,519,E 42 St & Vanderbilt Ave,40.752416,-73.97837,21074,Subscriber,1996,2,end,428707,2093.939939828168,1.9460424089039028,40.7524109,-73.9783479,2014-07-07 20:10:00
1448,2014-07-07 20:09:45,2014-07-07 20:33:53,519,E 42 St & Vanderbilt Ave,40.752416,-73.97837,251,Mott St & Prince St,40.72317958,-73.99480012,16143,Subscriber,1965,1,start,428707,1.9460424089039028,3533.605833649855,40.7524109,-73.9783479,2014-07-07 20:10:00
179,2014-07-08 16:57:25,2014-07-08 17:00:24,391,Clark St & Henry St,40.69760127,-73.99344559,406,Hicks St & Montague St,40.69512845,-73.99595065,15082,Subscriber,1973,1,start,363396,83.28128096336587,428.805305649593,40.6980995,-73.992708,2014-07-08 17:00:00
714,2014-07-08 19:48:51,2014-07-08 20:00:45,151,Cleveland Pl & Spring St,40.7218158,-73.99720307,507,E 25 St & 2 Ave,40.73912601,-73.97973776,14659,Subscriber,1978,1,start,362708,88.95078693110689,2449.233773555565,40.7211721,-73.9965764,2014-07-08 20:00:00
619,2014-07-08 19:49:40,2014-07-08 19:59:59,151,Cleveland Pl & Spring St,40.7218158,-73.99720307,349,Rivington St & Ridge St,40.71850211,-73.98329859,19402,Subscriber,1976,1,start,362708,88.95078693110689,1157.712040112303,40.7211721,-73.9965764,2014-07-08 20:00:00
644,2014-07-08 19:49:58,2014-07-08 20:00:42,151,Cleveland Pl & Spring St,40.7218158,-73.99720307,349,Rivington St & Ridge St,40.71850211,-73.98329859,20006,Subscriber,1979,2,start,362708,88.95078693110689,1157.712040112303,40.7211721,-73.9965764,2014-07-08 20:00:00
513,2014-07-08 19:50:40,2014-07-08 19:59:13,151,Cleveland Pl & Spring St,40.7218158,-73.99720307,329,Greenwich St & N Moore St,40.72043411,-74.01020609,19082,Subscriber,1987,1,start,362708,88.95078693110689,1151.5625441632417,40.7211721,-73.9965764,2014-07-08 20:00:00
870,2014-07-08 20:00:29,2014-07-08 20:14:59,147,Greenwich St & Warren St,40.71542197,-74.01121978,151,Cleveland Pl & Spring St,40.7218158,-73.99720307,14890,Subscriber,1980,2,end,362708,1389.9069191938438,88.95078693110689,40.7211721,-73.9965764,2014-07-08 20:00:00
721,2014-07-09 19:47:28,2014-07-09 19:59:29,326,E 11 St & 1 Ave,40.72953837,-73.98426726,528,2 Ave & E 31 St,40.74290902,-73.97706058,20006,Subscriber,1989,2,start,362742,86.70490503825576,1690.5471122686254,40.7287686,-73.9844314,2014-07-09 20:00:00
1244,2014-07-13 14:54:17,2014-07-13 15:15:01,402,Broadway & E 22 St,40.7403432,-73.98955109,79,Franklin St & W Broadway,40.71911552,-74.00666661,17924,Customer,\N,0,start,417476,73.85657085237435,2795.0651622056057,40.7408791,-73.990069,2014-07-13 15:15:00
561,2014-07-13 15:14:13,2014-07-13 15:23:34,402,Broadway & E 22 St,40.7403432,-73.98955109,488,W 39 St & 9 Ave,40.75645824,-73.99372222,21137,Subscriber,1984,1,start,417476,73.85657085237435,1759.4465088775903,40.7408791,-73.990069,2014-07-13 15:15:00
305,2014-07-13 18:54:17,2014-07-13 18:59:22,297,E 15 St & 3 Ave,40.734232,-73.986923,2003,1 Ave & E 18 St,40.73416059,-73.98024289,15010,Subscriber,1993,1,end,417479,606.4990471078288,97.0309982112985,40.7349628,-73.9797897,2014-07-13 18:59:00
329,2014-07-13 18:54:18,2014-07-13 18:59:47,297,E 15 St & 3 Ave,40.734232,-73.986923,2003,1 Ave & E 18 St,40.73416059,-73.98024289,15896,Subscriber,1992,1,end,417479,606.4990471078288,97.0309982112985,40.7349628,-73.9797897,2014-07-13 18:59:00
458,2014-07-13 18:58:06,2014-07-13 19:05:44,168,W 18 St & 6 Ave,40.73971301,-73.99456405,2003,1 Ave & E 18 St,40.73416059,-73.98024289,19732,Subscriber,1977,1,end,417479,1352.2205761001674,97.0309982112985,40.7349628,-73.9797897,2014-07-13 18:59:00
918,2014-07-15 17:14:44,2014-07-15 17:30:02,363,West Thames St,40.70834698,-74.01713445,347,W Houston St & Hudson St,40.72873888,-74.00748842,21592,Subscriber,1945,1,end,389105,2423.82225825638,33.80157297603774,40.7287722,-74.0070897,2014-07-15 17:30:00
597,2014-07-15 17:19:06,2014-07-15 17:29:03,347,W Houston St & Hudson St,40.72873888,-74.00748842,327,Vesey Pl & River Terrace,40.7153379,-74.01658354,14577,Subscriber,1978,1,start,389105,33.80157297603774,1694.591286931571,40.7287722,-74.0070897,2014-07-15 17:30:00
191,2014-07-15 17:27:17,2014-07-15 17:30:28,328,Watts St & Greenwich St,40.72405549,-74.00965965,347,W Houston St & Hudson St,40.72873888,-74.00748842,18530,Subscriber,1981,1,end,389105,567.4270641928518,33.80157297603774,40.7287722,-74.0070897,2014-07-15 17:30:00
785,2014-07-15 17:29:43,2014-07-15 17:42:48,347,W Houston St & Hudson St,40.72873888,-74.00748842,301,E 2 St & Avenue B,40.72217444,-73.98368779,18949,Subscriber,1960,1,start,389105,33.80157297603774,2104.0884172327474,40.7287722,-74.0070897,2014-07-15 17:30:00
1924,2014-07-16 18:27:44,2014-07-16 18:59:48,519,E 42 St & Vanderbilt Ave,40.752416,-73.97837,467,Dean St & 4 Ave,40.68312489,-73.97895137,16598,Subscriber,1984,1,end,766094,7775.700936845851,89.71920054121847,40.6824939,-73.9796145,2014-07-16 19:00:00
1722,2014-07-16 18:31:15,2014-07-16 18:59:57,459,W 20 St & 11 Ave,40.746745,-74.007756,467,Dean St & 4 Ave,40.68312489,-73.97895137,19513,Subscriber,1982,1,end,766094,7527.822926762343,89.71920054121847,40.6824939,-73.9796145,2014-07-16 19:00:00
1199,2014-07-16 18:39:49,2014-07-16 18:59:48,351,Front St & Maiden Ln,40.70530954,-74.00612572,467,Dean St & 4 Ave,40.68312489,-73.97895137,16990,Subscriber,1976,1,end,766094,3381.1347420871653,89.71920054121847,40.6824939,-73.9796145,2014-07-16 19:00:00
584,2014-07-18 16:39:32,2014-07-18 16:49:16,514,12 Ave & W 40 St,40.76087502,-74.00277668,480,W 53 St & 10 Ave,40.76669671,-73.99061728,14702,Subscriber,1964,1,end,996657,1149.1992349392772,87.68139899627474,40.7659332,-73.9908775,2014-07-18 16:40:00
1106,2014-07-18 16:40:43,2014-07-18 16:59:09,480,W 53 St & 10 Ave,40.76669671,-73.99061728,453,W 22 St & 8 Ave,40.74475148,-73.99915362,17951,Subscriber,1975,1,start,996657,87.68139899627474,2456.2992374768105,40.7659332,-73.9908775,2014-07-18 16:40:00
700,2014-07-19 00:05:58,2014-07-19 00:17:38,223,W 13 St & 7 Ave,40.73781509,-73.99994661,433,E 13 St & Avenue A,40.72955361,-73.98057249,17920,Subscriber,1978,1,end,995299,1844.9645455221782,81.96014477832999,40.7290865,-73.9813249,2014-07-19 00:18:00
792,2014-07-19 00:17:51,2014-07-19 00:31:03,380,W 4 St & 7 Ave S,40.73401143,-74.00293877,433,E 13 St & Avenue A,40.72955361,-73.98057249,21334,Subscriber,1992,1,end,995299,1901.7566794498266,81.96014477832999,40.7290865,-73.9813249,2014-07-19 00:18:00
2159,2014-07-19 00:18:32,2014-07-19 00:54:31,433,E 13 St & Avenue A,40.72955361,-73.98057249,499,Broadway & W 60 St,40.76915505,-73.98191841,15619,Subscriber,1982,2,start,995299,81.96014477832999,4455.7061403001835,40.7290865,-73.9813249,2014-07-19 00:18:00
502,2014-07-19 00:18:48,2014-07-19 00:27:10,433,E 13 St & Avenue A,40.72955361,-73.98057249,311,Norfolk St & Broome St,40.7172274,-73.98802084,19268,Subscriber,1991,1,start,995299,81.96014477832999,1434.332036177952,40.7290865,-73.9813249,2014-07-19 00:18:00
2512,2014-07-19 14:08:38,2014-07-19 14:50:30,426,West St & Chambers St,40.71754834,-74.01322069,495,W 47 St & 10 Ave,40.76269882,-73.99301222,21199,Subscriber,1970,1,start,995280,51.073422659073586,5331.255286593953,40.7171751,-74.0128675,2014-07-19 14:50:00
1602,2014-07-19 14:49:08,2014-07-19 15:15:50,458,11 Ave & W 27 St,40.751396,-74.005226,426,West St & Chambers St,40.71754834,-74.01322069,16453,Subscriber,1987,1,end,995280,3859.2824535216446,51.073422659073586,40.7171751,-74.0128675,2014-07-19 14:50:00
1540,2014-07-19 14:49:46,2014-07-19 15:15:26,458,11 Ave & W 27 St,40.751396,-74.005226,426,West St & Chambers St,40.71754834,-74.01322069,20362,Subscriber,1988,2,end,995280,3859.2824535216446,51.073422659073586,40.7171751,-74.0128675,2014-07-19 14:50:00
1231,2014-07-20 13:59:24,2014-07-20 14:19:55,284,Greenwich Ave & 8 Ave,40.7390169121,-74.0026376103,151,Cleveland Pl & Spring St,40.7218158,-73.99720307,16395,Subscriber,1966,1,end,995756,1916.0549046435926,54.30405169034455,40.7223002,-73.9971211,2014-07-20 14:20:00
1253,2014-07-20 13:59:51,2014-07-20 14:20:44,284,Greenwich Ave & 8 Ave,40.7390169121,-74.0026376103,151,Cleveland Pl & Spring St,40.7218158,-73.99720307,19968,Subscriber,1960,2,end,995756,1916.0549046435926,54.30405169034455,40.7223002,-73.9971211,2014-07-20 14:20:00
552,2014-07-20 14:19:51,2014-07-20 14:29:03,151,Cleveland Pl & Spring St,40.7218158,-73.99720307,376,John St & William St,40.70862144,-74.00722156,17234,Subscriber,1964,1,start,995756,54.30405169034455,1743.0290609466622,40.7223002,-73.9971211,2014-07-20 14:20:00
687,2014-07-22 18:22:37,2014-07-22 18:34:04,250,Lafayette St & Jersey St,40.72456089,-73.99565293,491,E 24 St & Park Ave S,40.74096374,-73.98602213,14970,Subscriber,1973,1,end,997219,1990.0883603456637,17.145660335671383,40.7408539,-73.9858793,2014-07-22 18:35:00
586,2014-07-22 18:34:16,2014-07-22 18:44:02,491,E 24 St & Park Ave S,40.74096374,-73.98602213,519,E 42 St & Vanderbilt Ave,40.752416,-73.97837,14970,Subscriber,1981,1,start,997219,17.145660335671383,1432.8541280152554,40.7408539,-73.9858793,2014-07-22 18:35:00
780,2014-07-24 09:47:34,2014-07-24 10:00:34,537,Lexington Ave & E 24 St,40.74025878,-73.98409214,493,W 45 St & 6 Ave,40.7568001,-73.98291153,16035,Subscriber,1986,1,start,997754,99.54251514014965,1928.5765471358984,40.7395116,-73.9847429,2014-07-24 10:00:00
344,2014-07-24 09:59:38,2014-07-24 10:05:22,537,Lexington Ave & E 24 St,40.74025878,-73.98409214,2003,1 Ave & E 18 St,40.73416059,-73.98024289,17365,Subscriber,1973,1,start,997754,99.54251514014965,705.537219568606,40.7395116,-73.9847429,2014-07-24 10:00:00
2376,2014-07-24 11:16:06,2014-07-24 11:55:42,168,W 18 St & 6 Ave,40.73971301,-73.99456405,482,W 15 St & 7 Ave,40.73935542,-73.99931783,16252,Subscriber,1982,1,end,997748,349.93662663168476,77.55956421084242,40.7398804,-73.9987117,2014-07-24 11:17:00
700,2014-07-24 14:46:32,2014-07-24 14:58:12,433,E 13 St & Avenue A,40.72955361,-73.98057249,402,Broadway & E 22 St,40.7403432,-73.98955109,19269,Subscriber,1982,1,end,998291,1375.2025387143326,53.10353223174345,40.7398662,-73.9895819,2014-07-24 14:58:00
713,2014-07-24 14:46:51,2014-07-24 14:58:44,428,E 3 St & 1 Ave,40.72467721,-73.98783413,402,Broadway & E 22 St,40.7403432,-73.98955109,17439,Subscriber,1983,1,end,998291,1695.3492698503119,53.10353223174345,40.7398662,-73.9895819,2014-07-24 14:58:00
487,2014-07-24 14:52:14,2014-07-24 15:00:21,2012,E 27 St & 1 Ave,40.739445,-73.976806,236,St Marks Pl & 2 Ave,40.7284186,-73.98713956,19814,Subscriber,1980,1,start,997758,77.60181400384334,1428.4925029226035,40.7387967,-73.977147,2014-07-24 15:00:00
1600,2014-07-24 14:57:06,2014-07-24 15:23:46,72,W 52 St & 11 Ave,40.76727216,-73.99392888,402,Broadway & E 22 St,40.7403432,-73.98955109,16036,Subscriber,1984,1,end,998291,3069.3268794208825,53.10353223174345,40.7398662,-73.9895819,2014-07-24 14:58:00
983,2014-07-24 15:00:07,2014-07-24 15:16:30,528,2 Ave & E 31 St,40.74290902,-73.97706058,2012,E 27 St & 1 Ave,40.739445,-73.976806,19947,Subscriber,1984,1,end,997758,457.3277124187365,77.60181400384334,40.7387967,-73.977147,2014-07-24 15:00:00
560,2014-07-24 15:00:11,2014-07-24 15:09:31,2012,E 27 St & 1 Ave,40.739445,-73.976806,379,W 31 St & 7 Ave,40.749156,-73.9916,18902,Subscriber,1975,1,start,997758,77.60181400384334,1676.1319142893929,40.7387967,-73.977147,2014-07-24 15:00:00
586,2014-07-24 19:24:29,2014-07-24 19:34:15,414,Pearl St & Anchorage Pl,40.70281858,-73.98765762,366,Clinton Ave & Myrtle Ave,40.693261,-73.968896,18248,Subscriber,1978,1,end,998513,1981.6754787970187,88.72401342450006,40.6932287,-73.9678445,2014-07-24 19:35:00
427,2014-07-24 19:28:33,2014-07-24 19:35:40,366,Clinton Ave & Myrtle Ave,40.693261,-73.968896,243,Fulton St & Rockwell Pl,40.688226,-73.979382,20976,Subscriber,1980,1,start,998513,88.72401342450006,1120.5787428951714,40.6932287,-73.9678445,2014-07-24 19:35:00
162,2014-07-25 07:43:12,2014-07-25 07:45:54,329,Greenwich St & N Moore St,40.72043411,-74.01020609,146,Hudson St & Reade St,40.71625008,-74.0091059,15452,Subscriber,1991,1,end,998254,479.688734710387,10.943655821091818,40.7161873,-74.0092059,2014-07-25 07:45:00
483,2014-07-25 07:45:34,2014-07-25 07:53:37,151,Cleveland Pl & Spring St,40.7218158,-73.99720307,146,Hudson St & Reade St,40.71625008,-74.0091059,19316,Subscriber,1969,1,end,998254,1189.5189826259846,10.943655821091818,40.7161873,-74.0092059,2014-07-25 07:45:00
414,2014-07-25 17:49:48,2014-07-25 17:56:42,465,Broadway & W 41 St,40.75513557,-73.98658032,160,E 37 St & Lexington Ave,40.748238,-73.978311,19492,Subscriber,1985,1,end,998316,1057.1231478246698,73.41502814466614,40.7476845,-73.9787861,2014-07-25 17:50:00
320,2014-07-25 18:27:55,2014-07-25 18:33:15,284,Greenwich Ave & 8 Ave,40.7390169121,-74.0026376103,168,W 18 St & 6 Ave,40.73971301,-73.99456405,20945,Subscriber,1990,1,end,998299,648.9105683696412,41.52378407473548,40.7398611,-73.9950165,2014-07-25 18:34:00
656,2014-07-26 15:08:13,2014-07-26 15:19:09,284,Greenwich Ave & 8 Ave,40.7390169121,-74.0026376103,466,W 25 St & 6 Ave,40.74395411,-73.99144871,18206,Subscriber,1954,1,end,998710,1005.8479536954544,85.01097216077578,40.7435691,-73.9923205,2014-07-26 15:20:00
794,2014-07-26 15:20:31,2014-07-26 15:33:45,466,W 25 St & 6 Ave,40.74395411,-73.99144871,508,W 46 St & 11 Ave,40.76341379,-73.99667444,18379,Subscriber,1967,1,start,998710,85.01097216077578,2236.9011545369094,40.7435691,-73.9923205,2014-07-26 15:20:00
764,2014-07-27 13:56:19,2014-07-27 14:09:03,368,Carmine St & 6 Ave,40.73038599,-74.00214988,497,E 17 St & Broadway,40.73704984,-73.99009296,18625,Subscriber,1951,1,start,999239,97.81220497996148,1162.9081237751636,40.7310643,-74.0014108,2014-07-27 14:10:00
346,2014-07-27 14:03:17,2014-07-27 14:09:03,383,Greenwich Ave & Charles St,40.735238,-74.000271,368,Carmine St & 6 Ave,40.73038599,-74.00214988,20181,Subscriber,1982,1,end,999239,473.9276558195381,97.81220497996148,40.7310643,-74.0014108,2014-07-27 14:10:00
473,2014-07-27 14:10:17,2014-07-27 14:18:10,368,Carmine St & 6 Ave,40.73038599,-74.00214988,229,Great Jones St,40.72743423,-73.99379025,20181,Subscriber,1976,1,start,999239,97.81220497996148,758.4649855351686,40.7310643,-74.0014108,2014-07-27 14:10:00
611,2014-07-28 18:04:00,2014-07-28 18:14:11,229,Great Jones St,40.72743423,-73.99379025,482,W 15 St & 7 Ave,40.73935542,-73.99931783,20881,Subscriber,1972,1,start,999677,72.57125131840478,1379.34364539801,40.7278664,-73.9931449,2014-07-28 18:15:00
621,2014-07-28 18:04:35,2014-07-28 18:14:56,376,John St & William St,40.70862144,-74.00722156,229,Great Jones St,40.72743423,-73.99379025,14889,Subscriber,1987,1,end,999677,2446.791237549036,72.57125131840478,40.7278664,-73.9931449,2014-07-28 18:15:00
478,2014-07-28 18:07:24,2014-07-28 18:15:22,377,6 Ave & Canal St,40.72243797,-74.00566443,229,Great Jones St,40.72743423,-73.99379025,17732,Subscriber,1985,2,end,999677,1215.4802976942508,72.57125131840478,40.7278664,-73.9931449,2014-07-28 18:15:00
856,2014-07-30 19:16:12,2014-07-30 19:30:28,238,Bank St & Washington St,40.7361967,-74.00859207,514,12 Ave & W 40 St,40.76087502,-74.00277668,19249,Subscriber,1979,2,start,1001242,79.12897041480176,2860.1195136496935,40.735505,-74.0083714,2014-07-30 19:30:00
742,2014-07-30 19:29:20,2014-07-30 19:41:42,327,Vesey Pl & River Terrace,40.7153379,-74.01658354,238,Bank St & Washington St,40.7361967,-74.00859207,19760,Subscriber,1978,2,end,1001242,2346.833298376747,79.12897041480176,40.735505,-74.0083714,2014-07-30 19:30:00
716,2014-07-31 13:36:46,2014-07-31 13:48:42,116,W 17 St & 8 Ave,40.74177603,-74.00149746,519,E 42 St & Vanderbilt Ave,40.752416,-73.97837,18891,Subscriber,1966,1,start,1001755,85.46176206840514,2194.6238696456776,40.7422546,-74.0007037,2014-07-31 13:48:00
261,2014-07-31 13:47:31,2014-07-31 13:51:52,435,W 21 St & 6 Ave,40.74173969,-73.99415556,116,W 17 St & 8 Ave,40.74177603,-74.00149746,17627,Subscriber,1963,2,end,1001755,554.6285349650043,85.46176206840514,40.7422546,-74.0007037,2014-07-31 13:48:00
185,2014-07-31 13:47:32,2014-07-31 13:50:37,116,W 17 St & 8 Ave,40.74177603,-74.00149746,334,W 20 St & 7 Ave,40.74238787,-73.99726235,20903,Subscriber,1988,2,start,1001755,85.46176206840514,290.3026673476128,40.7422546,-74.0007037,2014-07-31 13:48:00
194,2014-07-31 17:55:47,2014-07-31 17:59:01,428,E 3 St & 1 Ave,40.72467721,-73.98783413,301,E 2 St & Avenue B,40.72217444,-73.98368779,18063,Subscriber,1967,2,start,1001252,85.69858097257263,409.5534033261375,40.7239136,-73.9879718,2014-07-31 17:55:00
219,2014-07-31 17:55:47,2014-07-31 17:59:26,428,E 3 St & 1 Ave,40.72467721,-73.98783413,317,E 6 St & Avenue B,40.72453734,-73.98185424,19253,Subscriber,1971,2,start,1001252,85.69858097257263,520.1722110779516,40.7239136,-73.9879718,2014-07-31 17:55:00
585,2014-08-04 18:59:54,2014-08-04 19:09:39,168,W 18 St & 6 Ave,40.73971301,-73.99456405,128,MacDougal St & Prince St,40.72710258,-74.00297088,21478,Subscriber,1981,1,end,1003161,1603.6055052462862,43.10849181163203,40.7269581,-74.0034456,2014-08-04 19:10:00
728,2014-08-04 19:09:40,2014-08-04 19:21:48,128,MacDougal St & Prince St,40.72710258,-74.00297088,3002,South End Ave & Liberty St,40.711512,-74.015756,20573,Subscriber,1987,1,start,1003161,43.10849181163203,2006.5564572876235,40.7269581,-74.0034456,2014-08-04 19:10:00
410,2014-08-05 08:09:38,2014-08-05 08:16:28,426,West St & Chambers St,40.71754834,-74.01322069,363,West Thames St,40.70834698,-74.01713445,15803,Subscriber,1969,2,start,1003724,51.073422659073586,1045.4490773036212,40.7171751,-74.0128675,2014-08-05 08:17:00
1270,2014-08-05 08:17:14,2014-08-05 08:38:24,426,West St & Chambers St,40.71754834,-74.01322069,459,W 20 St & 11 Ave,40.746745,-74.007756,20836,Subscriber,1963,1,start,1003724,51.073422659073586,3316.1157848208863,40.7171751,-74.0128675,2014-08-05 08:17:00
351,2014-08-05 17:57:42,2014-08-05 18:03:33,225,W 14 St & The High Line,40.74195138,-74.00803013,358,Christopher St & Greenwich St,40.73291553,-74.00711384,18139,Subscriber,1985,1,end,1003742,1012.5295891816137,35.17303788923794,40.7328536,-74.0075232,2014-08-05 18:04:00
153,2014-08-05 18:01:04,2014-08-05 18:03:37,347,W Houston St & Hudson St,40.72873888,-74.00748842,358,Christopher St & Greenwich St,40.73291553,-74.00711384,17826,Subscriber,1991,1,end,1003742,457.54600610618644,35.17303788923794,40.7328536,-74.0075232,2014-08-05 18:04:00
180,2014-08-05 18:04:23,2014-08-05 18:07:23,358,Christopher St & Greenwich St,40.73291553,-74.00711384,383,Greenwich Ave & Charles St,40.735238,-74.000271,21025,Subscriber,1963,1,start,1003742,35.17303788923794,666.0949452707698,40.7328536,-74.0075232,2014-08-05 18:04:00
246,2014-08-05 20:01:13,2014-08-05 20:05:19,504,1 Ave & E 15 St,40.73221853,-73.98165557,174,E 25 St & 1 Ave,40.7381765,-73.97738662,21654,Subscriber,1986,1,end,1004314,824.2194825625039,71.85747209045577,40.7387967,-73.977147,2014-08-05 20:06:00
186,2014-08-06 09:34:56,2014-08-06 09:38:02,512,W 29 St & 9 Ave,40.7500727,-73.99839279,509,9 Ave & W 22 St,40.7454973,-74.00197139,18690,Subscriber,1984,1,start,1004302,95.18245820955858,683.102713252027,40.7509033,-73.9981196,2014-08-06 09:35:00
1019,2014-08-06 09:35:27,2014-08-06 09:52:26,512,W 29 St & 9 Ave,40.7500727,-73.99839279,285,Broadway & E 14 St,40.73454567,-73.99074142,21195,Subscriber,1960,1,start,1004302,95.18245820955858,1922.1665925378009,40.7509033,-73.9981196,2014-08-06 09:35:00
687,2014-08-06 15:28:59,2014-08-06 15:40:26,466,W 25 St & 6 Ave,40.74395411,-73.99144871,369,Washington Pl & 6 Ave,40.73224119,-74.00026394,19023,Subscriber,1953,1,end,1004780,1424.84193006665,78.18969085256293,40.732928,-74.0000649,2014-08-06 15:40:00
190,2014-08-06 15:36:16,2014-08-06 15:39:26,284,Greenwich Ave & 8 Ave,40.7390169121,-74.0026376103,369,Washington Pl & 6 Ave,40.73224119,-74.00026394,20073,Subscriber,1976,1,end,1004780,710.9100347606463,78.18969085256293,40.732928,-74.0000649,2014-08-06 15:40:00
909,2014-08-07 10:34:29,2014-08-07 10:49:38,410,Suffolk St & Stanton St,40.72066442,-73.98517977,497,E 17 St & Broadway,40.73704984,-73.99009296,17560,Subscriber,1972,2,start,1005326,82.91117430868894,1842.995121021255,40.7207459,-73.9861577,2014-08-07 10:50:00
820,2014-08-07 10:36:04,2014-08-07 10:49:44,410,Suffolk St & Stanton St,40.72066442,-73.98517977,411,E 6 St & Avenue D,40.72228087,-73.97668709,20103,Subscriber,1963,1,start,1005326,82.91117430868894,816.1685164617979,40.7207459,-73.9861577,2014-08-07 10:50:00
654,2014-08-07 16:03:36,2014-08-07 16:14:30,414,Pearl St & Anchorage Pl,40.70281858,-73.98765762,395,Bond St & Schermerhorn St,40.68807003,-73.98410637,18608,Subscriber,1964,1,end,1006046,1597.9768802702579,91.43744734189092,40.6887855,-73.9835718,2014-08-07 16:15:00
2015,2014-08-07 19:45:53,2014-08-07 20:19:28,514,12 Ave & W 40 St,40.76087502,-74.00277668,294,Washington Square E,40.73049393,-73.9957214,14959,Subscriber,1981,1,start,1005337,80.50557855536422,3349.644135464615,40.7601586,-74.0026387,2014-08-07 20:20:00
796,2014-08-08 09:00:03,2014-08-08 09:13:19,463,9 Ave & W 16 St,40.74206539,-74.00443172,293,Lafayette St & E 8 St,40.73028666,-73.9907647,14651,Subscriber,1982,1,end,1005333,1743.7462260091572,73.60244345861703,40.7298617,-73.9914344,2014-08-08 09:13:00
494,2014-08-08 09:04:21,2014-08-08 09:12:35,546,E 30 St & Park Ave S,40.74444921,-73.98303529,293,Lafayette St & E 8 St,40.73028666,-73.9907647,15320,Subscriber,1980,1,end,1005333,1769.704629488706,73.60244345861703,40.7298617,-73.9914344,2014-08-08 09:13:00
1181,2014-08-08 17:04:19,2014-08-08 17:24:00,455,1 Ave & E 44 St,40.75001986,-73.96905301,485,W 37 St & 5 Ave,40.75038009,-73.98338988,16249,Customer,\N,0,end,1005838,1156.224582181271,85.51214861356439,40.7509597,-73.9827227,2014-08-08 17:25:00
1186,2014-08-08 17:04:41,2014-08-08 17:24:27,455,1 Ave & E 44 St,40.75001986,-73.96905301,485,W 37 St & 5 Ave,40.75038009,-73.98338988,17060,Customer,\N,0,end,1005838,1156.224582181271,85.51214861356439,40.7509597,-73.9827227,2014-08-08 17:25:00
241,2014-08-08 17:25:13,2014-08-08 17:29:14,485,W 37 St & 5 Ave,40.75038009,-73.98338988,318,E 43 St & Vanderbilt Ave,40.75320159,-73.9779874,16249,Subscriber,1961,1,start,1005838,85.51214861356439,470.3692340904555,40.7509597,-73.9827227,2014-08-08 17:25:00
680,2014-08-08 17:25:16,2014-08-08 17:36:36,485,W 37 St & 5 Ave,40.75038009,-73.98338988,456,E 53 St & Madison Ave,40.7597108,-73.97402311,17060,Subscriber,1986,1,start,1005838,85.51214861356439,1218.1294609785664,40.7509597,-73.9827227,2014-08-08 17:25:00
343,2014-08-09 11:55:01,2014-08-09 12:00:44,511,E 14 St & Avenue B,40.72938685,-73.97772429,301,E 2 St & Avenue B,40.72217444,-73.98368779,18829,Subscriber,1988,2,end,1005814,1019.084930962443,78.83070503375723,40.721473,-73.9838235,2014-08-09 12:00:00
672,2014-08-09 13:27:05,2014-08-09 13:38:17,500,Broadway & W 51 St,40.76228826,-73.98336183,267,Broadway & W 36 St,40.75097711,-73.98765428,16180,Customer,\N,0,end,1005843,1357.074956464781,65.83045623377744,40.7504525,-73.9872921,2014-08-09 13:39:00
629,2014-08-09 13:27:53,2014-08-09 13:38:22,173,Broadway & W 49 St,40.76064679,-73.98442659,267,Broadway & W 36 St,40.75097711,-73.98765428,16104,Subscriber,1993,2,end,1005843,1158.9663137888265,65.83045623377744,40.7504525,-73.9872921,2014-08-09 13:39:00
604,2014-08-09 13:28:10,2014-08-09 13:38:14,173,Broadway & W 49 St,40.76064679,-73.98442659,267,Broadway & W 36 St,40.75097711,-73.98765428,16697,Subscriber,1993,1,end,1005843,1158.9663137888265,65.83045623377744,40.7504525,-73.9872921,2014-08-09 13:39:00
271,2014-08-10 12:24:31,2014-08-10 12:29:02,327,Vesey Pl & River Terrace,40.7153379,-74.01658354,363,West Thames St,40.70834698,-74.01713445,18230,Subscriber,1976,1,end,1006238,768.1973458936394,25.491448521697937,40.7084571,-74.0173997,2014-08-10 12:30:00
972,2014-08-10 12:29:01,2014-08-10 12:45:13,363,West Thames St,40.70834698,-74.01713445,347,W Houston St & Hudson St,40.72873888,-74.00748842,15091,Subscriber,1982,1,start,1006238,25.491448521697937,2404.9531798849384,40.7084571,-74.0173997,2014-08-10 12:30:00
929,2014-08-10 12:29:28,2014-08-10 12:44:57,147,Greenwich St & Warren St,40.71542197,-74.01121978,363,West Thames St,40.70834698,-74.01713445,17234,Subscriber,1960,2,end,1006238,933.3284317303392,25.491448521697937,40.7084571,-74.0173997,2014-08-10 12:30:00
503,2014-08-10 12:29:53,2014-08-10 12:38:16,363,West Thames St,40.70834698,-74.01713445,320,Leonard St & Church St,40.717571,-74.005549,21614,Subscriber,1983,2,start,1006238,25.491448521697937,1422.9124838268372,40.7084571,-74.0173997,2014-08-10 12:30:00
2280,2014-08-10 12:30:59,2014-08-10 13:08:59,363,West Thames St,40.70834698,-74.01713445,327,Vesey Pl & River Terrace,40.7153379,-74.01658354,18635,Subscriber,1983,1,start,1006238,25.491448521697937,768.1973458936394,40.7084571,-74.0173997,2014-08-10 12:30:00
389,2014-08-11 08:33:39,2014-08-11 08:40:08,417,Barclay St & Church St,40.71291224,-74.01020234,260,Broad St & Bridge St,40.70365182,-74.01167797,19351,Subscriber,1978,1,end,1006697,1059.1386108948745,23.934280389689985,40.7034459,-74.0115953,2014-08-11 08:40:00
1551,2014-08-11 08:39:30,2014-08-11 09:05:21,521,8 Ave & W 31 St,40.75044999,-73.99481051,260,Broad St & Bridge St,40.70365182,-74.01167797,16982,Subscriber,1958,1,end,1006697,5414.620705098759,23.934280389689985,40.7034459,-74.0115953,2014-08-11 08:40:00
970,2014-08-11 08:40:50,2014-08-11 08:57:00,128,MacDougal St & Prince St,40.72710258,-74.00297088,260,Broad St & Bridge St,40.70365182,-74.01167797,21278,Subscriber,1960,1,end,1006697,2729.0871926999175,23.934280389689985,40.7034459,-74.0115953,2014-08-11 08:40:00
435,2014-08-11 15:58:43,2014-08-11 16:05:58,167,E 39 St & 3 Ave,40.7489006,-73.97604882,498,Broadway & W 32 St,40.74854862,-73.98808416,14931,Subscriber,1957,2,end,1006744,1067.8117318427326,53.24609201869892,40.7485121,-73.9887144,2014-08-11 15:59:00
2427,2014-08-12 19:54:27,2014-08-12 20:34:54,406,Hicks St & Montague St,40.69512845,-73.99595065,508,W 46 St & 11 Ave,40.76341379,-73.99667444,15417,Subscriber,1978,1,start,1007997,12.943799513738222,7583.082697803741,40.6952204,-73.9958565,2014-08-12 20:35:00
608,2014-08-13 19:20:23,2014-08-13 19:30:31,229,Great Jones St,40.72743423,-73.99379025,473,Rivington St & Chrystie St,40.72110063,-73.9919254,20008,Subscriber,1994,2,end,1008224,700.1430495554212,30.957618530984643,40.7212488,-73.9922364,2014-08-13 19:20:00
309,2014-08-13 20:24:01,2014-08-13 20:29:10,477,W 41 St & 8 Ave,40.75640548,-73.9900262,450,W 49 St & 8 Ave,40.76227205,-73.98788205,21370,Subscriber,1984,1,start,1008256,77.75484380960445,742.650040416163,40.7559505,-73.9907272,2014-08-13 20:30:00
1289,2014-08-14 09:44:46,2014-08-14 10:06:15,250,Lafayette St & Jersey St,40.72456089,-73.99565293,491,E 24 St & Park Ave S,40.74096374,-73.98602213,19067,Subscriber,1990,1,end,1008250,1990.0883603456637,17.145660335671383,40.7408539,-73.9858793,2014-08-14 09:45:00
554,2014-08-14 14:50:56,2014-08-14 15:00:10,509,9 Ave & W 22 St,40.7454973,-74.00197139,444,Broadway & W 24 St,40.7423543,-73.98915076,18846,Subscriber,1940,1,end,1008252,1132.9199725135927,96.41985608461916,40.7415488,-73.9895745,2014-08-14 15:00:00
500,2014-08-14 14:51:11,2014-08-14 14:59:31,444,Broadway & W 24 St,40.7423543,-73.98915076,382,University Pl & E 14 St,40.73492695,-73.99200509,14575,Subscriber,1983,2,start,1008252,96.41985608461916,764.2637145375546,40.7415488,-73.9895745,2014-08-14 15:00:00
373,2014-08-14 14:54:08,2014-08-14 15:00:21,444,Broadway & W 24 St,40.7423543,-73.98915076,223,W 13 St & 7 Ave,40.73781509,-73.99994661,21043,Subscriber,1987,1,start,1008252,96.41985608461916,967.4662184725828,40.7415488,-73.9895745,2014-08-14 15:00:00
1468,2014-08-14 14:59:07,2014-08-14 15:23:35,382,University Pl & E 14 St,40.73492695,-73.99200509,444,Broadway & W 24 St,40.7423543,-73.98915076,18496,Subscriber,1984,1,end,1008252,764.2637145375546,96.41985608461916,40.7415488,-73.9895745,2014-08-14 15:00:00
947,2014-08-14 14:59:13,2014-08-14 15:15:00,393,E 5 St & Avenue C,40.72299208,-73.97995466,444,Broadway & W 24 St,40.7423543,-73.98915076,17501,Subscriber,1987,1,end,1008252,2216.913343809717,96.41985608461916,40.7415488,-73.9895745,2014-08-14 15:00:00
672,2014-08-14 14:59:14,2014-08-14 15:10:26,444,Broadway & W 24 St,40.7423543,-73.98915076,388,W 26 St & 10 Ave,40.749717753,-74.002950346,18495,Subscriber,1969,1,start,1008252,96.41985608461916,1447.350111833705,40.7415488,-73.9895745,2014-08-14 15:00:00
596,2014-08-14 21:05:07,2014-08-14 21:15:03,293,Lafayette St & E 8 St,40.73028666,-73.9907647,301,E 2 St & Avenue B,40.72217444,-73.98368779,17022,Subscriber,1983,1,end,1008771,1080.7802904614648,96.95055547340438,40.7217311,-73.9846784,2014-08-14 21:15:00
533,2014-08-15 10:35:58,2014-08-15 10:44:51,466,W 25 St & 6 Ave,40.74395411,-73.99144871,293,Lafayette St & E 8 St,40.73028666,-73.9907647,19895,Subscriber,1995,1,start,1008789,85.01097216077578,1482.7475268291128,40.7435691,-73.9923205,2014-08-15 10:45:00
274,2014-08-16 19:19:25,2014-08-16 19:23:59,540,Lexington Ave & E 26 St,40.74147286,-73.98320928,476,E 31 St & 3 Ave,40.74394314,-73.97966069,18274,Subscriber,1952,2,start,1010570,66.33641465725208,347.17078399319837,40.7420255,-73.9829127,2014-08-16 19:20:00
1323,2014-08-16 19:20:46,2014-08-16 19:42:49,408,Market St & Cherry St,40.71076228,-73.99400398,540,Lexington Ave & E 26 St,40.74147286,-73.98320928,15764,Customer,\N,0,end,1010570,3599.7658306749677,66.33641465725208,40.7420255,-73.9829127,2014-08-16 19:20:00
1711,2014-08-16 21:32:22,2014-08-16 22:00:53,161,LaGuardia Pl & W 3 St,40.72917025,-73.99810231,363,West Thames St,40.70834698,-74.01713445,18105,Subscriber,1986,2,end,1009600,2812.199542718319,49.13049467988686,40.7081334,-74.0166242,2014-08-16 22:00:00
1573,2014-08-17 16:34:39,2014-08-17 17:00:52,241,DeKalb Ave & S Portland Ave,40.68981035,-73.97493121,430,York St & Jay St,40.7014851,-73.98656928,17503,Customer,\N,0,end,1010325,1640.1668821489782,15.902023761463258,40.7015271,-73.9867496,2014-08-17 16:35:00
1287,2014-08-18 19:03:49,2014-08-18 19:25:16,401,Allen St & Rivington St,40.72019576,-73.98997825,389,Broadway & Berry St,40.71044554,-73.96525063,17683,Subscriber,1986,2,start,1010533,83.71799989315221,2427.1934049468623,40.7207656,-73.9906275,2014-08-18 19:26:00
666,2014-08-18 19:14:55,2014-08-18 19:26:01,252,MacDougal St & Washington Sq,40.73226398,-73.99852205,401,Allen St & Rivington St,40.72019576,-73.98997825,20354,Subscriber,1989,1,end,1010533,1441.2786876903829,83.71799989315221,40.7207656,-73.9906275,2014-08-18 19:26:00
153,2014-08-18 20:00:37,2014-08-18 20:03:10,237,E 11 St & 2 Ave,40.73047309,-73.98672378,293,Lafayette St & E 8 St,40.73028666,-73.9907647,14674,Subscriber,1986,1,start,1010553,91.60332193510742,417.0876943387276,40.7310195,-73.9859102,2014-08-18 20:00:00
632,2014-08-25 14:49:26,2014-08-25 14:59:58,229,Great Jones St,40.72743423,-73.99379025,377,6 Ave & Canal St,40.72243797,-74.00566443,20838,Subscriber,1989,1,end,1013285,1185.7922527517376,54.905933259372105,40.7225499,-74.006299,2014-08-25 14:50:00
1779,2014-08-26 19:43:40,2014-08-26 20:13:19,444,Broadway & W 24 St,40.7423543,-73.98915076,3002,South End Ave & Liberty St,40.711512,-74.015756,19304,Customer,\N,0,start,1014315,96.41985608461916,4002.8406543363562,40.7415488,-73.9895745,2014-08-26 20:14:00
674,2014-08-26 20:03:42,2014-08-26 20:14:56,444,Broadway & W 24 St,40.7423543,-73.98915076,428,E 3 St & 1 Ave,40.72467721,-73.98783413,17019,Subscriber,1988,1,start,1014315,96.41985608461916,1881.7602428392713,40.7415488,-73.9895745,2014-08-26 20:14:00
569,2014-08-26 20:03:49,2014-08-26 20:13:18,444,Broadway & W 24 St,40.7423543,-73.98915076,252,MacDougal St & Washington Sq,40.73226398,-73.99852205,16025,Subscriber,1975,1,start,1014315,96.41985608461916,1278.3663314106716,40.7415488,-73.9895745,2014-08-26 20:14:00
528,2014-08-26 20:05:06,2014-08-26 20:13:54,444,Broadway & W 24 St,40.7423543,-73.98915076,223,W 13 St & 7 Ave,40.73781509,-73.99994661,21425,Subscriber,1985,1,start,1014315,96.41985608461916,967.4662184725828,40.7415488,-73.9895745,2014-08-26 20:14:00
104,2014-08-26 20:11:53,2014-08-26 20:13:37,444,Broadway & W 24 St,40.7423543,-73.98915076,444,Broadway & W 24 St,40.7423543,-73.98915076,21123,Subscriber,1991,1,both,1014315,96.41985608461916,96.41985608461916,40.7415488,-73.9895745,2014-08-26 20:14:00
810,2014-08-27 02:04:28,2014-08-27 02:17:58,418,Front St & Gold St,40.70224,-73.982578,399,Lafayette Ave & St James Pl,40.68851534,-73.9647628,21673,Subscriber,1983,1,end,1015170,2104.635582817467,95.39731848949589,40.6882107,-73.9658205,2014-08-27 02:05:00
1033,2014-08-27 17:19:17,2014-08-27 17:36:30,153,E 40 St & 5 Ave,40.752062307,-73.9816324043,514,12 Ave & W 40 St,40.76087502,-74.00277668,19705,Subscriber,1967,1,end,1014308,1983.7707177670804,51.12108744944027,40.7607762,-74.0021839,2014-08-27 17:20:00
566,2014-08-27 17:19:21,2014-08-27 17:28:47,2021,W 45 St & 8 Ave,40.75929124,-73.98859651,514,12 Ave & W 40 St,40.76087502,-74.00277668,14869,Subscriber,1991,1,end,1014308,1156.2459399130837,51.12108744944027,40.7607762,-74.0021839,2014-08-27 17:20:00
1437,2014-09-02 08:26:13,2014-09-02 08:50:10,496,E 16 St & 5 Ave,40.73726186,-73.99238967,478,11 Ave & W 41 St,40.76030096,-73.99884222,20227,Subscriber,1983.0,2,start,1017093,74.2547398952272,2550.5901848138624,40.7379177,-73.9922237,2014-09-02 08:51:00
949,2014-09-02 08:35:19,2014-09-02 08:51:08,496,E 16 St & 5 Ave,40.73726186,-73.99238967,504,1 Ave & E 15 St,40.73221853,-73.98165557,17816,Subscriber,1983.0,1,start,1017093,74.2547398952272,1092.9185879791369,40.7379177,-73.9922237,2014-09-02 08:51:00
300,2014-09-02 08:46:50,2014-09-02 08:51:50,293,Lafayette St & E 8 St,40.73028666,-73.9907647,496,E 16 St & 5 Ave,40.73726186,-73.99238967,14686,Subscriber,1991.0,1,end,1017093,857.3927787728202,74.2547398952272,40.7379177,-73.9922237,2014-09-02 08:51:00
755,2014-09-02 08:51:22,2014-09-02 09:03:57,496,E 16 St & 5 Ave,40.73726186,-73.99238967,312,Allen St & E Houston St,40.722055,-73.989111,20862,Subscriber,1956.0,1,start,1017093,74.2547398952272,1783.2484510979325,40.7379177,-73.9922237,2014-09-02 08:51:00
245,2014-09-03 09:29:08,2014-09-03 09:33:13,293,Lafayette St & E 8 St,40.73028666,-73.9907647,285,Broadway & E 14 St,40.73454567,-73.99074142,18888,Subscriber,1961.0,1,start,1017737,37.739128722173696,443.1487980122368,40.7305643,-73.9905071,2014-09-03 09:30:00
400,2014-09-03 09:29:37,2014-09-03 09:36:17,223,W 13 St & 7 Ave,40.73781509,-73.99994661,293,Lafayette St & E 8 St,40.73028666,-73.9907647,15810,Subscriber,1982.0,1,end,1017737,1132.529818818108,37.739128722173696,40.7305643,-73.9905071,2014-09-03 09:30:00
1161,2014-09-03 09:29:43,2014-09-03 09:49:04,391,Clark St & Henry St,40.69760127,-73.99344559,293,Lafayette St & E 8 St,40.73028666,-73.9907647,20575,Subscriber,1971.0,2,end,1017737,3673.6845399040662,37.739128722173696,40.7305643,-73.9905071,2014-09-03 09:30:00
672,2014-09-04 15:49:26,2014-09-04 16:00:38,491,E 24 St & Park Ave S,40.74096374,-73.98602213,522,E 51 St & Lexington Ave,40.75714758,-73.97207836,15708,Subscriber,1962.0,1,start,1018874,91.30388842463537,2237.380297940777,40.7401843,-73.986363,2014-09-04 16:00:00
902,2014-09-07 10:44:18,2014-09-07 10:59:20,546,E 30 St & Park Ave S,40.74444921,-73.98303529,268,Howard St & Centre St,40.71910537,-73.99973337,17305,Subscriber,1983.0,2,start,1019959,16.987031957651475,3155.505412518603,40.744559,-73.9831755,2014-09-07 10:45:00
571,2014-09-07 18:29:08,2014-09-07 18:38:39,444,Broadway & W 24 St,40.7423543,-73.98915076,237,E 11 St & 2 Ave,40.73047309,-73.98672378,15884,Subscriber,1992.0,1,end,1019939,1289.6079664953681,91.60332193510742,40.7310195,-73.9859102,2014-09-07 18:39:00
374,2014-09-07 18:33:19,2014-09-07 18:39:33,237,E 11 St & 2 Ave,40.73047309,-73.98672378,265,Stanton St & Chrystie St,40.72229346,-73.99147535,15187,Subscriber,1983.0,1,start,1019939,91.60332193510742,1077.6782279653878,40.7310195,-73.9859102,2014-09-07 18:39:00
311,2014-09-07 18:33:53,2014-09-07 18:39:04,335,Washington Pl & Broadway,40.72903917,-73.99404649,237,E 11 St & 2 Ave,40.73047309,-73.98672378,16731,Subscriber,1992.0,1,end,1019939,720.0820934627275,91.60332193510742,40.7310195,-73.9859102,2014-09-07 18:39:00
1006,2014-09-07 18:38:24,2014-09-07 18:55:10,441,E 52 St & 2 Ave,40.756014,-73.967416,237,E 11 St & 2 Ave,40.73047309,-73.98672378,15049,Subscriber,1972.0,1,end,1019939,3186.1980422065585,91.60332193510742,40.7310195,-73.9859102,2014-09-07 18:39:00
1423,2014-09-11 09:36:52,2014-09-11 10:00:35,475,E 16 St & Irving Pl,40.73524276,-73.98758561,517,Pershing Square South,40.751581,-73.97791,18267,Subscriber,1986.0,2,end,1022072,1969.8845404343233,24.952006497703447,40.751453,-73.9781533,2014-09-11 10:00:00
860,2014-09-11 09:46:35,2014-09-11 10:00:55,519,Pershing Square North,40.751873,-73.977706,435,W 21 St & 6 Ave,40.74173969,-73.99415556,19066,Subscriber,1973.0,1,start,1022072,60.00616050638587,1727.3737759808644,40.751453,-73.9781533,2014-09-11 10:00:00
624,2014-09-11 09:50:08,2014-09-11 10:00:32,519,Pershing Square North,40.751873,-73.977706,379,W 31 St & 7 Ave,40.749156,-73.9916,21270,Subscriber,1978.0,2,start,1022072,60.00616050638587,1161.1509455099756,40.751453,-73.9781533,2014-09-11 10:00:00
475,2014-09-11 09:52:49,2014-09-11 10:00:44,477,W 41 St & 8 Ave,40.75640548,-73.9900262,519,Pershing Square North,40.751873,-73.977706,14907,Subscriber,1960.0,1,end,1022072,1141.678430881896,60.00616050638587,40.751453,-73.9781533,2014-09-11 10:00:00
442,2014-09-11 09:53:15,2014-09-11 10:00:37,519,Pershing Square North,40.751873,-73.977706,498,Broadway & W 32 St,40.74854862,-73.98808416,15938,Subscriber,1965.0,1,start,1022072,60.00616050638587,896.7250034177283,40.751453,-73.9781533,2014-09-11 10:00:00
394,2014-09-11 09:53:15,2014-09-11 09:59:49,492,W 33 St & 7 Ave,40.75019995,-73.99093085,517,Pershing Square South,40.751581,-73.97791,21222,Subscriber,1974.0,1,end,1022072,1085.3164270588197,24.952006497703447,40.751453,-73.9781533,2014-09-11 10:00:00
602,2014-09-11 09:59:06,2014-09-11 10:09:08,2012,E 27 St & 1 Ave,40.739445,-73.976806,519,Pershing Square North,40.751873,-73.977706,15019,Subscriber,1984.0,1,end,1022072,1340.0459007897882,60.00616050638587,40.751453,-73.9781533,2014-09-11 10:00:00
577,2014-09-11 10:00:21,2014-09-11 10:09:58,521,8 Ave & W 31 St,40.75044999,-73.99481051,517,Pershing Square South,40.751581,-73.97791,18318,Subscriber,1982.0,1,end,1022072,1407.5671692027693,24.952006497703447,40.751453,-73.9781533,2014-09-11 10:00:00
1408,2014-09-11 20:01:19,2014-09-11 20:24:47,479,9 Ave & W 45 St,40.76019252,-73.9912551,426,West St & Chambers St,40.71754834,-74.01322069,14616,Subscriber,1957.0,1,end,1022024,5118.185393593252,51.073422659073586,40.7171751,-74.0128675,2014-09-11 20:25:00
159,2014-09-11 20:22:31,2014-09-11 20:25:10,426,West St & Chambers St,40.71754834,-74.01322069,329,Greenwich St & N Moore St,40.72043411,-74.01020609,17499,Subscriber,1951.0,2,start,1022024,51.073422659073586,426.1831421373072,40.7171751,-74.0128675,2014-09-11 20:25:00
295,2014-09-11 20:24:23,2014-09-11 20:29:18,426,West St & Chambers St,40.71754834,-74.01322069,328,Watts St & Greenwich St,40.72405549,-74.00965965,20993,Subscriber,1973.0,2,start,1022024,51.073422659073586,811.4242465960201,40.7171751,-74.0128675,2014-09-11 20:25:00
1576,2014-09-11 20:25:03,2014-09-11 20:51:19,525,W 34 St & 11 Ave,40.75594159,-74.0021163,426,West St & Chambers St,40.71754834,-74.01322069,19446,Subscriber,1975.0,1,end,1022024,4404.791005474676,51.073422659073586,40.7171751,-74.0128675,2014-09-11 20:25:00
535,2014-09-11 20:25:32,2014-09-11 20:34:27,426,West St & Chambers St,40.71754834,-74.01322069,360,William St & Pine St,40.70717936,-74.00887308,19404,Subscriber,1977.0,1,start,1022024,51.073422659073586,1161.3478859121856,40.7171751,-74.0128675,2014-09-11 20:25:00
1163,2014-09-11 20:25:55,2014-09-11 20:45:18,530,11 Ave & W 59 St,40.771522,-73.990541,426,West St & Chambers St,40.71754834,-74.01322069,18217,Subscriber,1983.0,1,end,1022024,6329.0515336827975,51.073422659073586,40.7171751,-74.0128675,2014-09-11 20:25:00
1116,2014-09-17 08:56:13,2014-09-17 09:14:49,467,Dean St & 4 Ave,40.68312489,-73.97895137,2000,Front St & Washington St,40.70255088,-73.98940236,16777,Subscriber,1980.0,1,start,1026768,89.71920054121847,2378.012319665046,40.6824939,-73.9796145,2014-09-17 09:15:00
1416,2014-09-17 09:07:09,2014-09-17 09:30:45,461,E 20 St & 2 Ave,40.73587678,-73.98205027,281,Grand Army Plaza & Central Park S,40.7643971,-73.97371465,20143,Subscriber,1982.0,1,end,1026499,3172.6664577336282,84.88200140919649,40.7636578,-73.9734636,2014-09-17 09:30:00
625,2014-09-17 09:30:29,2014-09-17 09:40:54,484,W 44 St & 5 Ave,40.75500254,-73.98014437,281,Grand Army Plaza & Central Park S,40.7643971,-73.97371465,15809,Subscriber,1976.0,1,end,1026499,1114.8450386895772,84.88200140919649,40.7636578,-73.9734636,2014-09-17 09:30:00
780,2014-09-17 14:17:02,2014-09-17 14:30:02,173,Broadway & W 49 St,40.76064679,-73.98442659,2017,E 43 St & 2 Ave,40.75022392,-73.97121414,17900,Subscriber,1986.0,1,start,1026509,62.28565258087913,1551.193173137116,40.7604566,-73.983731,2014-09-17 14:30:00
459,2014-09-17 14:21:51,2014-09-17 14:29:30,173,Broadway & W 49 St,40.76064679,-73.98442659,228,E 48 St & 3 Ave,40.7546011026,-73.971878855,19724,Subscriber,1970.0,1,start,1026509,62.28565258087913,1191.8479034309646,40.7604566,-73.983731,2014-09-17 14:30:00
161,2014-09-17 14:29:13,2014-09-17 14:31:54,468,Broadway & W 55 St,40.7652654,-73.98192338,173,Broadway & W 49 St,40.76064679,-73.98442659,18886,Subscriber,1979.0,1,end,1026509,555.9649481608195,62.28565258087913,40.7604566,-73.983731,2014-09-17 14:30:00
1366,2014-09-17 18:12:54,2014-09-17 18:35:40,449,W 52 St & 9 Ave,40.76461837,-73.98789473,238,Bank St & Washington St,40.7361967,-74.00859207,18264,Subscriber,1965.0,1,start,1025927,17.529126012333535,3615.2511839007884,40.7647362,-73.988033,2014-09-17 18:35:00
677,2014-09-17 18:34:43,2014-09-17 18:46:00,449,W 52 St & 9 Ave,40.76461837,-73.98789473,167,E 39 St & 3 Ave,40.7489006,-73.97604882,15517,Subscriber,1982.0,1,start,1025927,17.529126012333535,2029.6493848723765,40.7647362,-73.988033,2014-09-17 18:35:00
1307,2014-09-18 13:39:04,2014-09-18 14:00:51,435,W 21 St & 6 Ave,40.74173969,-73.99415556,329,Greenwich St & N Moore St,40.72043411,-74.01020609,19062,Subscriber,1968.0,2,start,1026463,37.701109706993336,2734.493004290051,40.7416232,-73.9937353,2014-09-18 14:00:00
908,2014-09-18 13:59:20,2014-09-18 14:14:28,455,1 Ave & E 44 St,40.75001986,-73.96905301,435,W 21 St & 6 Ave,40.74173969,-73.99415556,14674,Subscriber,1971.0,2,end,1026463,2279.3077802042485,37.701109706993336,40.7416232,-73.9937353,2014-09-18 14:00:00
922,2014-09-18 13:59:33,2014-09-18 14:14:55,72,W 52 St & 11 Ave,40.76727216,-73.99392888,435,W 21 St & 6 Ave,40.74173969,-73.99415556,15211,Subscriber,1976.0,1,end,1026463,2852.084775728371,37.701109706993336,40.7416232,-73.9937353,2014-09-18 14:00:00
1076,2014-09-19 13:22:14,2014-09-19 13:40:10,151,Cleveland Pl & Spring St,40.7218158,-73.99720307,446,W 24 St & 7 Ave,40.74487634,-73.99529885,16015,Subscriber,1960.0,1,end,1027473,2629.0225398984244,75.14616540891588,40.7453835,-73.9947093,2014-09-19 13:40:00
302,2014-09-19 13:40:45,2014-09-19 13:45:47,446,W 24 St & 7 Ave,40.74487634,-73.99529885,444,Broadway & W 24 St,40.7423543,-73.98915076,21078,Subscriber,1975.0,1,start,1027473,75.14616540891588,576.8385243320016,40.7453835,-73.9947093,2014-09-19 13:40:00
1101,2014-09-21 15:40:16,2014-09-21 15:58:37,466,W 25 St & 6 Ave,40.74395411,-73.99144871,386,Centre St & Worth St,40.71494807,-74.00234482,20792,Subscriber,1982.0,1,start,1028927,94.2497638767843,3444.8643347362263,40.7448014,-73.9914181,2014-09-21 15:58:00
1241,2014-09-22 09:08:57,2014-09-22 09:29:38,348,W Broadway & Spring St,40.72490985,-74.00154702,510,W 51 St & 6 Ave,40.7606597,-73.98042047,14871,Subscriber,1965.0,1,start,1027444,90.4200013731267,4396.131374729781,40.7248803,-74.0026193,2014-09-22 09:30:00
790,2014-09-22 14:47:07,2014-09-22 15:00:17,532,S 5 Pl & S 4 St,40.710451,-73.960876,250,Lafayette St & Jersey St,40.72456089,-73.99565293,21402,Subscriber,1988.0,1,start,1030500,69.84676535061321,3316.510892323225,40.7110373,-73.9605786,2014-09-22 15:00:00
1583,2014-09-23 18:01:23,2014-09-23 18:27:46,545,E 23 St & 1 Ave,40.736502,-73.97809472,416,Cumberland St & Lafayette Ave,40.68753406,-73.97265183,14814,Subscriber,1948.0,1,start,1028080,46.69404735540726,5499.199984791958,40.7367906,-73.9784973,2014-09-23 18:28:00
918,2014-09-24 15:53:44,2014-09-24 16:09:02,435,W 21 St & 6 Ave,40.74173969,-73.99415556,495,W 47 St & 10 Ave,40.76269882,-73.99301222,18620,Subscriber,1959.0,1,start,1028940,79.18233038077265,2411.675888932829,40.7410276,-73.9941612,2014-09-24 16:10:00
1036,2014-09-24 16:09:29,2014-09-24 16:26:45,435,W 21 St & 6 Ave,40.74173969,-73.99415556,377,6 Ave & Canal St,40.72243797,-74.00566443,21106,Subscriber,1958.0,1,start,1028940,79.18233038077265,2283.0427069918064,40.7410276,-73.9941612,2014-09-24 16:10:00
497,2014-09-25 16:14:59,2014-09-25 16:23:16,515,W 43 St & 10 Ave,40.76009437,-73.99461843,493,W 45 St & 6 Ave,40.7568001,-73.98291153,16714,Subscriber,1951.0,1,start,1028883,88.87634312978959,1103.7324395513021,40.759626,-73.9954735,2014-09-25 16:15:00
1741,2014-09-27 13:01:51,2014-09-27 13:30:52,387,Centre St & Chambers St,40.71273266,-74.0046073,151,Cleveland Pl & Spring St,40.7218158,-73.99720307,18488,Subscriber,1959.0,1,start,1028738,84.5415324099726,1127.835999881967,40.7134758,-74.0048192,2014-09-27 13:30:00
1003,2014-09-27 17:39:11,2014-09-27 17:55:54,532,S 5 Pl & S 4 St,40.710451,-73.960876,403,E 2 St & 2 Ave,40.72502876,-73.99069656,19633,Subscriber,1982.0,1,start,1030534,87.00989151254925,3037.2741770734274,40.7107873,-73.9599439,2014-09-27 17:40:00
1190,2014-09-28 16:57:10,2014-09-28 17:17:00,435,W 21 St & 6 Ave,40.74173969,-73.99415556,161,LaGuardia Pl & W 3 St,40.72917025,-73.99810231,20788,Subscriber,1946.0,1,start,1028969,79.18233038077265,1359.6518266807257,40.7410276,-73.9941612,2014-09-28 17:17:00
413,2014-09-28 17:09:38,2014-09-28 17:16:31,285,Broadway & E 14 St,40.73454567,-73.99074142,435,W 21 St & 6 Ave,40.74173969,-73.99415556,16316,Subscriber,1986.0,2,end,1028969,776.2152346919552,79.18233038077265,40.7410276,-73.9941612,2014-09-28 17:17:00
560,2014-09-29 13:36:15,2014-09-29 13:45:35,491,E 24 St & Park Ave S,40.74096374,-73.98602213,470,W 20 St & 8 Ave,40.74345335,-74.00004031,21262,Subscriber,1983.0,1,start,1028968,91.30388842463537,1208.2601632508574,40.7401843,-73.986363,2014-09-29 13:45:00
318,2014-09-29 13:45:48,2014-09-29 13:51:06,491,E 24 St & Park Ave S,40.74096374,-73.98602213,297,E 15 St & 3 Ave,40.734232,-73.986923,16276,Subscriber,1979.0,1,start,1028968,91.30388842463537,663.5460648489515,40.7401843,-73.986363,2014-09-29 13:45:00
714,2014-09-29 16:28:44,2014-09-29 16:40:38,503,E 20 St & Park Ave,40.73827428,-73.98751968,212,W 16 St & The High Line,40.74334935,-74.00681753,16056,Subscriber,1974.0,1,start,1031562,82.0695423475983,1690.040937446161,40.7377307,-73.9881786,2014-09-29 16:40:00
515,2014-09-29 16:32:04,2014-09-29 16:40:39,503,E 20 St & Park Ave,40.73827428,-73.98751968,379,W 31 St & 7 Ave,40.749156,-73.9916,15371,Subscriber,1941.0,1,start,1031562,82.0695423475983,1302.724852073147,40.7377307,-73.9881786,2014-09-29 16:40:00
453,2014-09-29 16:32:06,2014-09-29 16:39:39,334,W 20 St & 7 Ave,40.74238787,-73.99726235,503,E 20 St & Park Ave,40.73827428,-73.98751968,18322,Subscriber,1997.0,2,end,1031562,924.0495733536628,82.0695423475983,40.7377307,-73.9881786,2014-09-29 16:40:00
888,2014-09-29 18:10:32,2014-09-29 18:25:20,482,W 15 St & 7 Ave,40.73935542,-73.99931783,428,E 3 St & 1 Ave,40.72467721,-73.98783413,20219,Subscriber,1966.0,2,end,1028865,1921.9958943963034,31.006086336541806,40.724575,-73.9874918,2014-09-29 18:10:00
138,2014-09-30 09:04:41,2014-09-30 09:06:59,212,W 16 St & The High Line,40.74334935,-74.00681753,462,W 22 St & 10 Ave,40.74691959,-74.00451887,21276,Subscriber,1960.0,1,start,1031557,37.41790986438361,446.4834497922746,40.7434703,-74.007232,2014-09-30 09:05:00
357,2014-09-30 09:04:57,2014-09-30 09:10:54,212,W 16 St & The High Line,40.74334935,-74.00681753,380,W 4 St & 7 Ave S,40.73401143,-74.00293877,14887,Subscriber,1972.0,1,start,1031557,37.41790986438361,1112.2393948211861,40.7434703,-74.007232,2014-09-30 09:05:00
498,2014-09-30 09:05:21,2014-09-30 09:13:39,521,8 Ave & W 31 St,40.75044999,-73.99481051,212,W 16 St & The High Line,40.74334935,-74.00681753,18872,Subscriber,1980.0,1,end,1031557,1302.8053518495278,37.41790986438361,40.7434703,-74.007232,2014-09-30 09:05:00
1915,2014-09-30 14:04:28,2014-09-30 14:36:23,501,FDR Drive & E 35 St,40.744219,-73.97121214,281,Grand Army Plaza & Central Park S,40.7643971,-73.97371465,16179,Customer,,0,end,1032196,2169.8025849628666,84.88200140919649,40.7636578,-73.9734636,2014-09-30 14:05:00
1873,2014-09-30 14:05:12,2014-09-30 14:36:25,501,FDR Drive & E 35 St,40.744219,-73.97121214,281,Grand Army Plaza & Central Park S,40.7643971,-73.97371465,17945,Customer,,0,end,1032196,2169.8025849628666,84.88200140919649,40.7636578,-73.9734636,2014-09-30 14:05:00
577,2014-10-02 07:00:14,2014-10-02 07:09:51,352,W 56 St & 6 Ave,40.76340613,-73.97722479,153,E 40 St & 5 Ave,40.752062307,-73.9816324043,15304,Subscriber,1967.0,1,start,1032784,87.87685428458039,1253.9912794907739,40.7630248,-73.9781387,2014-10-02 07:10:00
650,2014-10-03 11:14:59,2014-10-03 11:25:49,335,Washington Pl & Broadway,40.72903917,-73.99404649,435,W 21 St & 6 Ave,40.74173969,-73.99415556,16302,Subscriber,1980.0,1,end,1033807,1333.0894725982885,79.18233038077265,40.7410276,-73.9941612,2014-10-03 11:15:00
681,2014-10-03 14:19:12,2014-10-03 14:30:33,485,W 37 St & 5 Ave,40.75038009,-73.98338988,168,W 18 St & 6 Ave,40.73971301,-73.99456405,20333,Subscriber,1958.0,2,start,1033288,18.666775048441398,1522.3793546139739,40.7503422,-73.983174,2014-10-03 14:30:00
820,2014-10-06 10:17:25,2014-10-06 10:31:05,386,Centre St & Worth St,40.71494807,-74.00234482,195,Liberty St & Broadway,40.70905623,-74.01043382,14640,Customer,,0,start,1034299,30.42639457697269,975.7838582645052,40.7151584,-74.0021139,2014-10-06 10:17:00
778,2014-10-06 13:47:53,2014-10-06 14:00:51,545,E 23 St & 1 Ave,40.736502,-73.97809472,505,6 Ave & W 33 St,40.74901271,-73.98848395,14538,Subscriber,1971.0,1,start,1034367,46.69404735540726,1598.3863751234362,40.7367906,-73.9784973,2014-10-06 14:00:00
1495,2014-10-07 09:35:10,2014-10-07 10:00:05,531,Forsyth St & Broome St,40.71893904,-73.99266288,153,E 40 St & 5 Ave,40.752062307,-73.9816324043,17369,Subscriber,1983.0,1,end,1034398,3733.2510433277384,76.41762953332693,40.7515772,-73.982275,2014-10-07 10:00:00
814,2014-10-07 09:45:52,2014-10-07 09:59:26,540,Lexington Ave & E 26 St,40.74147286,-73.98320928,153,E 40 St & 5 Ave,40.752062307,-73.9816324043,16767,Subscriber,1986.0,1,end,1034398,1126.306206921147,76.41762953332693,40.7515772,-73.982275,2014-10-07 10:00:00
881,2014-10-07 20:15:02,2014-10-07 20:29:43,511,E 14 St & Avenue B,40.72938685,-73.97772429,325,E 19 St & 3 Ave,40.73624527,-73.98473765,20621,Subscriber,1970.0,1,end,1035445,986.5522876286027,22.15404834054814,40.7363771,-73.9849348,2014-10-07 20:30:00
311,2014-10-08 08:09:16,2014-10-08 08:14:27,312,Allen St & E Houston St,40.722055,-73.989111,361,Allen St & Hester St,40.71605866,-73.99190759,21043,Subscriber,1955.0,1,start,1036051,45.752037434540455,663.6863226617395,40.7216438,-73.9891302,2014-10-08 08:15:00
481,2014-10-09 20:15:00,2014-10-09 20:23:01,432,E 7 St & Avenue A,40.72621788,-73.98379855,250,Lafayette St & Jersey St,40.72456089,-73.99565293,18262,Subscriber,1968.0,1,end,1036565,979.7145872282888,64.23308592633553,40.7250834,-73.9953279,2014-10-09 20:15:00
496,2014-10-09 20:15:15,2014-10-09 20:23:31,237,E 11 St & 2 Ave,40.73047309,-73.98672378,250,Lafayette St & Jersey St,40.72456089,-73.99565293,15492,Subscriber,1988.0,1,end,1036565,940.6592777512491,64.23308592633553,40.7250834,-73.9953279,2014-10-09 20:15:00
477,2014-10-09 20:15:19,2014-10-09 20:23:16,237,E 11 St & 2 Ave,40.73047309,-73.98672378,250,Lafayette St & Jersey St,40.72456089,-73.99565293,16930,Subscriber,1990.0,2,end,1036565,940.6592777512491,64.23308592633553,40.7250834,-73.9953279,2014-10-09 20:15:00
471,2014-10-09 20:15:23,2014-10-09 20:23:14,237,E 11 St & 2 Ave,40.73047309,-73.98672378,250,Lafayette St & Jersey St,40.72456089,-73.99565293,16784,Subscriber,1988.0,1,end,1036565,940.6592777512491,64.23308592633553,40.7250834,-73.9953279,2014-10-09 20:15:00
1181,2014-10-12 12:25:36,2014-10-12 12:45:17,401,Allen St & Rivington St,40.72019576,-73.98997825,526,E 33 St & 5 Ave,40.74765947,-73.98490707,15027,Customer,,0,start,1037444,83.71799989315221,3029.0593551824663,40.7207656,-73.9906275,2014-10-12 12:45:00
1571,2014-10-14 15:33:19,2014-10-14 15:59:30,477,W 41 St & 8 Ave,40.75640548,-73.9900262,151,Cleveland Pl & Spring St,40.7218158,-73.99720307,17224,Subscriber,1973.0,1,end,2814384,3927.3363040371714,53.97994867417823,40.7215756,-73.9977597,2014-10-14 16:00:00
1416,2014-10-14 15:35:39,2014-10-14 15:59:15,355,Bayard St & Baxter St,40.71602118,-73.99974372,151,Cleveland Pl & Spring St,40.7218158,-73.99720307,21410,Customer,,0,end,2814384,639.8577180410454,53.97994867417823,40.7215756,-73.9977597,2014-10-14 16:00:00
259,2014-10-16 16:15:37,2014-10-16 16:19:56,416,Cumberland St & Lafayette Ave,40.68753406,-73.97265183,270,Adelphi St & Myrtle Ave,40.69308257,-73.97178913,21576,Subscriber,1975.0,2,end,2809509,644.8624782665966,79.02866292709612,40.6931719,-73.9708592,2014-10-16 16:15:00
373,2014-10-22 12:55:54,2014-10-22 13:02:07,153,E 40 St & 5 Ave,40.752062307,-73.9816324043,505,6 Ave & W 33 St,40.74901271,-73.98848395,19193,Customer,,0,start,2811747,86.50523205668748,733.2251661470482,40.7528149,-73.9813723,2014-10-22 12:55:00
223,2014-10-22 15:51:06,2014-10-22 15:54:49,442,W 27 St & 7 Ave,40.746647,-73.993915,444,Broadway & W 24 St,40.7423543,-73.98915076,16506,Subscriber,1973.0,1,end,2812342,567.8381481968722,75.23569624487875,40.7430309,-73.9891556,2014-10-22 15:55:00
634,2014-10-23 10:05:08,2014-10-23 10:15:42,437,Macon St & Nostrand Ave,40.6809833854,-73.9500479759,353,S Portland Ave & Hanson Pl,40.68539567,-73.97431458,20990,Subscriber,1957.0,1,start,2812639,29.715945394521736,2129.2876122422667,40.6810711,-73.9497151,2014-10-23 10:05:00
1432,2014-10-24 16:05:51,2014-10-24 16:29:43,464,E 56 St & 3 Ave,40.75934501,-73.96759673,439,E 4 St & 2 Ave,40.7262807,-73.98978041,17121,Subscriber,1985.0,2,start,2812949,44.43213072816472,4131.2676026262025,40.7595778,-73.9680255,2014-10-24 16:30:00
229,2014-10-24 16:29:41,2014-10-24 16:33:30,464,E 56 St & 3 Ave,40.75934501,-73.96759673,522,E 51 St & Lexington Ave,40.75714758,-73.97207836,18599,Subscriber,1959.0,2,start,2812949,44.43213072816472,435.3733965524456,40.7595778,-73.9680255,2014-10-24 16:30:00
577,2014-10-29 08:49:47,2014-10-29 08:59:24,450,W 49 St & 8 Ave,40.76227205,-73.98788205,526,E 33 St & 5 Ave,40.74765947,-73.98490707,19689,Subscriber,1991.0,2,end,2815529,1563.5698895401717,91.30914858267974,40.7484375,-73.9845604,2014-10-29 09:00:00
482,2014-10-29 08:52:47,2014-10-29 09:00:49,526,E 33 St & 5 Ave,40.74765947,-73.98490707,318,E 43 St & Vanderbilt Ave,40.75320159,-73.9779874,20878,Subscriber,1965.0,1,start,2815529,91.30914858267974,766.2874849161507,40.7484375,-73.9845604,2014-10-29 09:00:00
941,2014-11-04 18:43:52,2014-11-04 18:59:33,469,Broadway & W 53 St,40.76344058,-73.98268129,290,2 Ave & E 58 St,40.76020258,-73.96478473,16102,Subscriber,1990.0,2,start,2818789,93.07369789864552,1576.974156028332,40.7627073,-73.9832142,2014-11-04 19:00:00
303,2014-11-06 21:59:18,2014-11-06 22:04:21,507,E 25 St & 2 Ave,40.73912601,-73.97973776,475,E 16 St & Irving Pl,40.73524276,-73.98758561,18301,Subscriber,1986.0,1,start,2820031,20.01237752219141,776.0929845021677,40.7391678,-73.9799688,2014-11-06 22:00:00
631,2014-11-07 15:59:57,2014-11-07 16:10:28,151,Cleveland Pl & Spring St,40.7218158,-73.99720307,328,Watts St & Greenwich St,40.72405549,-74.00965965,18629,Subscriber,1996.0,2,start,2819929,54.30405169034455,1074.517311121324,40.7223002,-73.9971211,2014-11-07 16:10:00
607,2014-11-07 16:00:14,2014-11-07 16:10:21,151,Cleveland Pl & Spring St,40.7218158,-73.99720307,328,Watts St & Greenwich St,40.72405549,-74.00965965,14959,Subscriber,1997.0,1,start,2819929,54.30405169034455,1074.517311121324,40.7223002,-73.9971211,2014-11-07 16:10:00
1187,2014-11-11 07:47:08,2014-11-11 08:06:55,519,Pershing Square North,40.751873,-73.977706,444,Broadway & W 24 St,40.7423543,-73.98915076,19282,Subscriber,1967.0,1,end,2821774,1445.002104870466,13.342260755400867,40.7422733,-73.9892676,2014-11-11 08:06:00
914,2014-11-11 07:50:05,2014-11-11 08:05:19,349,Rivington St & Ridge St,40.71850211,-73.98329859,444,Broadway & W 24 St,40.7423543,-73.98915076,20316,Subscriber,1959.0,2,end,2821774,2690.6664472046114,13.342260755400867,40.7422733,-73.9892676,2014-11-11 08:06:00
858,2014-11-11 07:51:47,2014-11-11 08:06:05,405,Washington St & Gansevoort St,40.739323,-74.008119,444,Broadway & W 24 St,40.7423543,-73.98915076,20360,Subscriber,1989.0,2,end,2821774,1621.742264758252,13.342260755400867,40.7422733,-73.9892676,2014-11-11 08:06:00
1144,2014-11-11 08:06:40,2014-11-11 08:25:44,444,Broadway & W 24 St,40.7423543,-73.98915076,510,W 51 St & 6 Ave,40.7606597,-73.98042047,20360,Customer,,0,start,2821774,13.342260755400867,2176.0687553744824,40.7422733,-73.9892676,2014-11-11 08:06:00
581,2014-11-11 16:35:09,2014-11-11 16:44:50,476,E 31 St & 3 Ave,40.74394314,-73.97966069,379,W 31 St & 7 Ave,40.749156,-73.9916,17827,Subscriber,1961.0,1,start,2822264,18.281247216587623,1178.4692324838168,40.7438255,-73.9795091,2014-11-11 16:45:00
824,2014-11-11 16:44:34,2014-11-11 16:58:18,476,E 31 St & 3 Ave,40.74394314,-73.97966069,477,W 41 St & 8 Ave,40.75640548,-73.9900262,15690,Subscriber,1981.0,1,start,2822264,18.281247216587623,1655.7799728057173,40.7438255,-73.9795091,2014-11-11 16:45:00
651,2014-11-11 16:44:50,2014-11-11 16:55:41,522,E 51 St & Lexington Ave,40.75714758,-73.97207836,476,E 31 St & 3 Ave,40.74394314,-73.97966069,15163,Subscriber,1964.0,1,end,2822264,1608.1669521174579,18.281247216587623,40.7438255,-73.9795091,2014-11-11 16:45:00
209,2014-11-12 12:27:19,2014-11-12 12:30:48,284,Greenwich Ave & 8 Ave,40.7390169121,-74.0026376103,346,Bank St & Hudson St,40.73652889,-74.00618026,17071,Subscriber,1954.0,1,start,2822238,82.24622728857929,472.62644656399885,40.7397514,-74.0025224,2014-11-12 12:30:00
190,2014-11-12 12:27:33,2014-11-12 12:30:43,284,Greenwich Ave & 8 Ave,40.7390169121,-74.0026376103,463,9 Ave & W 16 St,40.74206539,-74.00443172,16513,Subscriber,1982.0,1,start,2822238,82.24622728857929,303.4483600051733,40.7397514,-74.0025224,2014-11-12 12:30:00
398,2014-11-12 20:45:52,2014-11-12 20:52:30,293,Lafayette St & E 8 St,40.73028666,-73.9907647,223,W 13 St & 7 Ave,40.73781509,-73.99994661,18611,Subscriber,1982.0,1,end,2822777,1135.3798009713755,87.8546653863543,40.737229,-74.0006459,2014-11-12 20:52:00
278,2014-11-12 20:46:44,2014-11-12 20:51:22,238,Bank St & Washington St,40.7361967,-74.00859207,223,W 13 St & 7 Ave,40.73781509,-73.99994661,18813,Subscriber,1968.0,1,end,2822777,679.2681311996095,87.8546653863543,40.737229,-74.0006459,2014-11-12 20:52:00
197,2014-11-12 20:48:36,2014-11-12 20:51:53,334,W 20 St & 7 Ave,40.74238787,-73.99726235,223,W 13 St & 7 Ave,40.73781509,-73.99994661,19303,Subscriber,1981.0,2,end,2822777,640.567152990769,87.8546653863543,40.737229,-74.0006459,2014-11-12 20:52:00
455,2014-11-16 22:09:38,2014-11-16 22:17:13,505,6 Ave & W 33 St,40.74901271,-73.98848395,489,10 Ave & W 28 St,40.75066386,-74.00176802,21442,Customer,,0,end,2825386,1123.5671509129377,91.61541760847906,40.7514468,-74.0014293,2014-11-16 22:18:00
244,2014-11-17 07:59:13,2014-11-17 08:03:17,391,Clark St & Henry St,40.69760127,-73.99344559,430,York St & Jay St,40.7014851,-73.98656928,19871,Subscriber,1979.0,1,end,2825142,713.582450646244,15.902023761463258,40.7015271,-73.9867496,2014-11-17 08:00:00
373,2014-11-25 13:29:12,2014-11-25 13:35:25,284,Greenwich Ave & 8 Ave,40.7390169121,-74.0026376103,382,University Pl & E 14 St,40.73492695,-73.99200509,19149,Subscriber,1978.0,1,start,3125449,82.24622728857929,1035.854102588434,40.7397514,-74.0025224,2014-11-25 13:35:00
311,2014-12-11 16:50:47,2014-12-11 16:55:58,386,Centre St & Worth St,40.71494807,-74.00234482,417,Barclay St & Church St,40.71291224,-74.01020234,19776,Subscriber,1963.0,1,start,3135211,30.42639457697269,726.0309380122561,40.7151584,-74.0021139,2014-12-11 16:50:00
659,2014-12-14 19:29:07,2014-12-14 19:40:06,545,E 23 St & 1 Ave,40.736502,-73.97809472,505,6 Ave & W 33 St,40.74901271,-73.98848395,14929,Subscriber,1989.0,1,start,3138283,78.16957890892756,1640.6385122554868,40.7361648,-73.9789088,2014-12-14 19:30:00
180,2014-12-15 12:56:16,2014-12-15 12:59:16,369,Washington Pl & 6 Ave,40.73224119,-74.00026394,127,Barrow St & Hudson St,40.73172428,-74.00674436,20173,Subscriber,1975.0,1,start,3136973,83.29033768282925,487.71817911237133,40.7317065,-74.0009562,2014-12-15 13:00:00
100,2014-12-15 12:58:48,2014-12-15 13:00:28,368,Carmine St & 6 Ave,40.73038599,-74.00214988,369,Washington Pl & 6 Ave,40.73224119,-74.00026394,16861,Subscriber,1967.0,1,end,3136973,177.97999750257665,83.29033768282925,40.7317065,-74.0009562,2014-12-15 13:00:00
384,2014-12-24 15:30:09,2014-12-24 15:36:33,2021,W 45 St & 8 Ave,40.75929124,-73.98859651,267,Broadway & W 36 St,40.75097711,-73.98765428,17392,Subscriber,1988.0,1,end,3142832,924.6935150006574,68.59445279574791,40.751081,-73.9868516,2014-12-24 15:30:00
